id,Attitude,Familiarity,Trust,Utility,Accuracy,Accuracy (Ram),"Accuracy (Hound, before AI support)","Accuracy (Hound, after AI support)","Accuracy (Hound, with AM)","Accuracy (Hound, without AM)","Accuracy (Ram, with AM)","Accuracy (Ram, without AM)",Confidence Start (Hound),Confidence Final,Confidence Final (Hound),Confidence (Ram),Confirm wrong AI advice,Number of changes (Hound),Right to Wrong (AI),Right to Wrong (no AI),Wrong to Right (AI),Wrong to Right (no AI),Group,Confidence No XAI (Hound),Confidence XAI (Hound),Confidence No XAI (Ram),Confidence XAI (Ram),Hospital,Negative AI Reliance No AM,Negative AI Reliance AM,Positive Self-Reliance No AM,Positive Self-Reliance AM,Positive AI Reliance No AM,Positive AI Reliance AM,Negative Self-Reliance No AM,Negative Self-Reliance AM,Positive AI Avoidance No AM,Positive AI Avoidance AM,Negative AI Acceptance No AM,Negative AI Acceptance AM,Positive AI Acceptance No AM,Positive AI Acceptance AM,Negative AI Avoidance No AM,Negative AI Avoidance AM,"Accuracy (Ram, before AI support)",Confidence Start (Ram)
7,2.94,1.5,4.33,3.0,0.8,0.8,0.75,0.81,0.79,0.82,0.78,0.81,0.45,0.46,0.44,0.47,11,11,2,1,8,0,SHC,0.45,0.43,0.47,0.46,SHC,1,3,8,5,5,5,13,9,0,0,1,4,31,32,2,0,,
8,3.39,2.5,4.67,3.0,0.86,0.85,0.85,0.88,0.91,0.84,0.81,0.87,0.67,0.72,0.71,0.73,10,6,2,0,4,0,SHC,0.71,0.71,0.76,0.69,THC,1,2,7,6,1,3,8,11,0,0,3,3,35,37,0,0,,
9,4.11,3.0,4.33,5.0,0.85,0.88,0.81,0.82,0.79,0.85,0.89,0.87,0.64,0.69,0.68,0.7,8,1,0,0,1,0,SHC,0.67,0.69,0.71,0.68,THC,0,0,9,7,0,1,4,9,0,0,3,3,43,39,0,0,,
10,3.89,4.0,3.67,4.0,0.81,0.87,0.73,0.75,0.73,0.78,0.86,0.87,0.48,0.53,0.48,0.58,12,6,2,0,4,0,SHC,0.48,0.47,0.59,0.56,THC,1,2,7,5,2,3,14,10,0,0,3,4,34,36,0,0,,
11,3.44,2.0,4.33,4.0,0.76,0.77,0.73,0.75,0.64,0.88,0.81,0.74,0.55,0.55,0.53,0.57,10,4,0,1,3,0,SHC,0.53,0.52,0.58,0.55,SHC,0,0,12,4,1,2,7,12,0,0,0,6,40,35,0,1,,
12,4.22,3.0,3.67,6.0,0.8,0.8,0.81,0.81,0.74,0.88,0.86,0.74,0.6,0.67,0.68,0.66,9,4,1,1,2,0,SHC,0.7,0.67,0.63,0.69,THC,0,1,6,4,2,1,17,11,0,0,6,5,30,34,0,1,,
13,5.22,6.0,4.67,5.0,0.75,0.75,0.76,0.75,0.73,0.78,0.76,0.74,0.57,0.62,0.64,0.6,16,3,1,1,1,0,THC,0.65,0.63,0.6,0.59,SHC,0,1,6,10,1,1,5,12,0,0,4,4,42,32,1,0,,
14,4.56,5.0,3.67,5.0,0.86,0.92,0.81,0.81,0.8,0.82,0.89,0.94,0.78,0.78,0.78,0.78,8,0,0,0,0,0,THC,0.78,0.79,0.78,0.77,THC,0,1,8,11,0,0,10,12,0,0,2,3,40,33,0,0,,
15,3.33,2.0,2.67,5.33,0.83,0.82,0.84,0.84,0.84,0.85,0.86,0.79,0.64,0.66,0.64,0.67,7,0,0,0,0,0,THC,0.64,0.65,0.66,0.69,THC,0,0,8,13,0,0,8,6,0,0,2,2,37,43,0,0,,
16,3.22,1.0,2.67,6.0,0.86,0.88,0.84,0.83,0.8,0.87,0.89,0.87,0.55,0.58,0.55,0.6,9,3,1,1,1,0,THC,0.57,0.54,0.6,0.59,THC,0,1,6,11,0,1,6,10,0,0,2,4,41,34,2,0,,
17,3.56,2.0,3.67,5.0,0.82,0.81,0.82,0.82,0.77,0.88,0.86,0.77,0.58,0.59,0.57,0.6,9,2,0,1,0,1,THC,0.59,0.55,0.59,0.62,SHC,0,0,7,8,1,0,11,9,1,0,3,6,36,35,2,1,,
19,4.11,3.0,4.33,5.0,0.86,0.88,0.79,0.85,0.8,0.89,0.86,0.89,0.4,0.4,0.4,0.4,15,13,4,0,9,0,THC,0.4,0.4,0.4,0.4,THC,2,3,5,11,6,6,3,3,0,0,2,2,36,41,0,0,,
