,HD1,HD2,FHD,Appropriateness,Comprehensibility,Utility,AI,XAI,HD1,HD2,FHD,Appropriateness,Comprehensibility,Utility,AI,XAI,HD1,HD2,FHD,Appropriateness,Comprehensibility,Utility,AI,XAI,HD1,HD2,FHD,Appropriateness,Comprehensibility,Utility,AI,XAI,HD1,HD2,FHD,Appropriateness,Comprehensibility,Utility,AI,XAI,HD1,HD2,FHD,Appropriateness,Comprehensibility,Utility,AI,XAI,HD1,HD2,FHD,Appropriateness,Comprehensibility,Utility,AI,XAI,HD1,HD2,FHD,Appropriateness,Comprehensibility,Utility,AI,XAI,HD1,HD2,FHD,Appropriateness,Comprehensibility,Utility,AI,XAI,HD1,HD2,FHD,Appropriateness,Comprehensibility,Utility,AI,XAI,HD1,HD2,FHD,Appropriateness,Comprehensibility,Utility,AI,XAI,HD1,HD2,FHD,Appropriateness,Comprehensibility,Utility,AI,XAI,HD1,HD2,FHD,Appropriateness,Comprehensibility,Utility,AI,XAI,HD1,HD2,FHD,Appropriateness,Comprehensibility,Utility,AI,XAI,HD1,HD2,FHD,Appropriateness,Comprehensibility,Utility,AI,XAI,HD1,HD2,FHD,Appropriateness,Comprehensibility,Utility,AI,XAI,HD1,HD2,FHD,Appropriateness,Comprehensibility,Utility,AI,XAI,HD1,HD2,FHD,Appropriateness,Comprehensibility,Utility,AI,XAI,HD1,HD2,FHD,Appropriateness,Comprehensibility,Utility,AI,XAI,HD1,HD2,FHD,Appropriateness,Comprehensibility,Utility,AI,XAI,Group,Expertise,Trust1,Trust2,Accuracy (HD1),Accuracy (HD2),Accuracy (FHD)
0,1.0,1.0,1.0,5.0,4.0,5.0,1.0,1.0,0.0,1.0,1.0,5.0,4.0,5.0,1.0,1.0,1.0,1.0,1.0,4.0,5.0,4.0,1.0,1.0,1.0,1.0,1.0,4.0,5.0,4.0,1.0,1.0,0.0,0.0,0.0,4.0,5.0,4.0,1.0,1.0,0.0,0.0,0.0,4.0,5.0,4.0,1.0,0.0,0.0,1.0,1.0,4.0,5.0,4.0,1.0,1.0,0.0,0.0,0.0,4.0,5.0,4.0,1.0,0.0,0.0,0.0,0.0,4.0,5.0,4.0,0.0,0.0,0.0,1.0,1.0,4.0,5.0,4.0,1.0,0.0,1.0,1.0,1.0,4.0,5.0,4.0,0.0,0.0,0.0,0.0,1.0,4.0,5.0,4.0,1.0,1.0,0.0,0.0,0.0,4.0,5.0,4.0,1.0,0.0,0.0,0.0,0.0,4.0,5.0,4.0,0.0,0.0,0.0,0.0,0.0,4.0,5.0,4.0,1.0,1.0,0.0,0.0,0.0,4.0,5.0,4.0,0.0,1.0,0.0,1.0,1.0,4.0,4.0,4.0,1.0,1.0,0.0,1.0,1.0,5.0,5.0,5.0,1.0,1.0,0.0,0.0,0.0,5.0,5.0,5.0,0.0,0.0,0.0,0.0,0.0,6.0,6.0,6.0,0.0,1.0,Hound,1.0,4.0,5.0,0.2,0.45,0.5
1,1.0,1.0,1.0,6.0,6.0,5.0,1.0,1.0,0.0,1.0,1.0,6.0,6.0,6.0,1.0,1.0,1.0,1.0,1.0,6.0,6.0,3.0,1.0,1.0,1.0,1.0,1.0,6.0,6.0,4.0,1.0,1.0,1.0,1.0,1.0,6.0,6.0,4.0,1.0,1.0,0.0,1.0,1.0,5.0,5.0,5.0,1.0,0.0,0.0,1.0,1.0,5.0,5.0,6.0,1.0,1.0,0.0,0.0,0.0,5.0,6.0,5.0,1.0,0.0,0.0,0.0,0.0,6.0,6.0,6.0,0.0,0.0,0.0,1.0,1.0,5.0,5.0,5.0,1.0,0.0,0.0,0.0,0.0,5.0,5.0,5.0,0.0,0.0,1.0,1.0,1.0,6.0,6.0,6.0,1.0,1.0,0.0,0.0,0.0,4.0,5.0,3.0,1.0,0.0,0.0,0.0,0.0,6.0,6.0,6.0,0.0,0.0,0.0,1.0,1.0,6.0,6.0,6.0,1.0,1.0,1.0,0.0,0.0,6.0,6.0,6.0,0.0,1.0,0.0,0.0,1.0,5.0,5.0,5.0,1.0,1.0,0.0,1.0,1.0,6.0,6.0,6.0,1.0,1.0,0.0,0.0,0.0,6.0,6.0,6.0,0.0,0.0,0.0,0.0,0.0,6.0,6.0,6.0,0.0,1.0,Hound,1.0,3.0,5.0,0.3,0.55,0.6
2,1.0,1.0,1.0,4.0,5.0,5.0,1.0,1.0,0.0,0.0,0.0,4.0,5.0,6.0,1.0,1.0,1.0,1.0,1.0,4.0,5.0,4.0,1.0,1.0,1.0,1.0,1.0,5.0,5.0,5.0,1.0,1.0,1.0,1.0,1.0,5.0,5.0,6.0,1.0,1.0,1.0,1.0,1.0,6.0,6.0,6.0,1.0,0.0,1.0,1.0,1.0,5.0,6.0,6.0,1.0,1.0,1.0,1.0,1.0,5.0,4.0,6.0,1.0,0.0,0.0,0.0,0.0,5.0,6.0,6.0,0.0,0.0,1.0,1.0,1.0,6.0,5.0,6.0,1.0,0.0,0.0,0.0,0.0,6.0,6.0,6.0,0.0,0.0,1.0,1.0,1.0,5.0,6.0,6.0,1.0,1.0,1.0,1.0,1.0,5.0,6.0,6.0,1.0,0.0,1.0,0.0,0.0,6.0,5.0,6.0,0.0,0.0,0.0,0.0,0.0,5.0,4.0,4.0,1.0,1.0,0.0,0.0,0.0,5.0,6.0,6.0,0.0,1.0,1.0,1.0,1.0,6.0,6.0,6.0,1.0,1.0,0.0,1.0,1.0,6.0,5.0,6.0,1.0,1.0,1.0,1.0,1.0,6.0,5.0,5.0,0.0,0.0,0.0,0.0,0.0,5.0,5.0,5.0,0.0,1.0,Hound,1.0,5.0,6.0,0.65,0.65,0.65
3,1.0,1.0,1.0,6.0,6.0,6.0,1.0,1.0,1.0,1.0,1.0,3.0,3.0,3.0,1.0,1.0,1.0,1.0,1.0,6.0,5.0,2.0,1.0,1.0,1.0,1.0,1.0,2.0,6.0,3.0,1.0,1.0,1.0,1.0,1.0,6.0,6.0,6.0,1.0,1.0,1.0,1.0,1.0,6.0,4.0,6.0,1.0,0.0,1.0,1.0,1.0,6.0,6.0,6.0,1.0,1.0,0.0,0.0,0.0,4.0,4.0,4.0,1.0,0.0,0.0,0.0,0.0,5.0,5.0,5.0,0.0,0.0,1.0,1.0,1.0,3.0,3.0,3.0,1.0,0.0,0.0,0.0,0.0,4.0,4.0,4.0,0.0,0.0,1.0,1.0,1.0,3.0,3.0,3.0,1.0,1.0,1.0,1.0,1.0,2.0,2.0,2.0,1.0,0.0,0.0,0.0,0.0,6.0,5.0,6.0,0.0,0.0,1.0,1.0,1.0,5.0,5.0,5.0,1.0,1.0,1.0,1.0,1.0,2.0,2.0,2.0,0.0,1.0,1.0,1.0,1.0,2.0,3.0,2.0,1.0,1.0,1.0,1.0,1.0,6.0,6.0,6.0,1.0,1.0,1.0,1.0,1.0,6.0,6.0,6.0,0.0,0.0,0.0,0.0,0.0,6.0,6.0,6.0,0.0,1.0,Hound,2.0,3.0,3.0,0.75,0.75,0.75
4,1.0,1.0,1.0,5.0,6.0,6.0,1.0,1.0,1.0,1.0,1.0,5.0,6.0,6.0,1.0,1.0,1.0,1.0,1.0,4.0,6.0,5.0,1.0,1.0,1.0,1.0,1.0,4.0,6.0,5.0,1.0,1.0,1.0,1.0,1.0,1.0,3.0,1.0,1.0,1.0,1.0,1.0,1.0,6.0,6.0,6.0,1.0,0.0,1.0,1.0,1.0,3.0,4.0,4.0,1.0,1.0,0.0,0.0,0.0,1.0,1.0,1.0,1.0,0.0,1.0,1.0,1.0,3.0,4.0,4.0,0.0,0.0,1.0,1.0,1.0,4.0,5.0,5.0,1.0,0.0,0.0,0.0,0.0,3.0,2.0,2.0,0.0,0.0,1.0,1.0,1.0,5.0,5.0,5.0,1.0,1.0,0.0,1.0,1.0,5.0,5.0,5.0,1.0,0.0,1.0,1.0,1.0,5.0,5.0,5.0,0.0,0.0,0.0,0.0,0.0,3.0,3.0,3.0,1.0,1.0,0.0,0.0,0.0,3.0,3.0,3.0,0.0,1.0,0.0,1.0,1.0,5.0,5.0,5.0,1.0,1.0,1.0,1.0,1.0,2.0,2.0,2.0,1.0,1.0,1.0,1.0,1.0,4.0,5.0,5.0,0.0,0.0,0.0,0.0,0.0,4.0,4.0,4.0,0.0,1.0,Hound,1.0,3.0,4.0,0.65,0.75,0.75
5,1.0,1.0,1.0,6.0,6.0,5.0,1.0,1.0,1.0,1.0,1.0,4.0,3.0,5.0,1.0,1.0,1.0,1.0,1.0,6.0,6.0,,1.0,1.0,1.0,1.0,1.0,6.0,5.0,5.0,1.0,1.0,1.0,1.0,1.0,6.0,6.0,6.0,1.0,1.0,1.0,1.0,1.0,6.0,6.0,6.0,1.0,0.0,0.0,1.0,1.0,5.0,5.0,6.0,1.0,1.0,1.0,1.0,1.0,3.0,4.0,3.0,1.0,0.0,0.0,0.0,0.0,4.0,2.0,2.0,0.0,0.0,1.0,1.0,1.0,4.0,4.0,5.0,1.0,0.0,0.0,0.0,0.0,5.0,4.0,6.0,0.0,0.0,1.0,1.0,1.0,6.0,6.0,2.0,1.0,1.0,0.0,0.0,0.0,4.0,5.0,5.0,1.0,0.0,0.0,0.0,0.0,5.0,5.0,5.0,0.0,0.0,0.0,1.0,1.0,4.0,6.0,5.0,1.0,1.0,1.0,1.0,1.0,1.0,3.0,1.0,0.0,1.0,0.0,0.0,0.0,5.0,5.0,4.0,1.0,1.0,1.0,1.0,1.0,4.0,3.0,4.0,1.0,1.0,1.0,1.0,1.0,5.0,5.0,2.0,0.0,0.0,0.0,0.0,0.0,4.0,5.0,5.0,0.0,1.0,Hound,2.0,3.0,4.0,0.6,0.7,0.7
6,1.0,1.0,1.0,4.0,6.0,4.0,1.0,1.0,0.0,1.0,1.0,2.0,4.0,2.0,1.0,1.0,1.0,1.0,1.0,6.0,6.0,6.0,1.0,1.0,1.0,1.0,1.0,5.0,6.0,6.0,1.0,1.0,0.0,1.0,1.0,6.0,6.0,6.0,1.0,1.0,0.0,1.0,1.0,4.0,6.0,4.0,1.0,0.0,0.0,1.0,1.0,4.0,6.0,4.0,1.0,1.0,0.0,0.0,0.0,3.0,5.0,3.0,1.0,0.0,0.0,0.0,0.0,5.0,6.0,5.0,0.0,0.0,0.0,1.0,1.0,6.0,6.0,6.0,1.0,0.0,0.0,0.0,0.0,4.0,6.0,4.0,0.0,0.0,1.0,1.0,1.0,5.0,6.0,6.0,1.0,1.0,0.0,0.0,0.0,3.0,5.0,3.0,1.0,0.0,0.0,0.0,0.0,2.0,2.0,2.0,0.0,0.0,0.0,0.0,0.0,1.0,1.0,1.0,1.0,1.0,1.0,1.0,1.0,5.0,5.0,5.0,0.0,1.0,0.0,0.0,1.0,6.0,6.0,6.0,1.0,1.0,0.0,1.0,1.0,6.0,6.0,6.0,1.0,1.0,0.0,0.0,0.0,6.0,6.0,6.0,0.0,0.0,0.0,0.0,0.0,,,,0.0,1.0,Hound,1.0,4.0,4.0,0.25,0.55,0.6
7,1.0,1.0,1.0,,,,1.0,1.0,1.0,1.0,1.0,,,,1.0,1.0,1.0,1.0,1.0,6.0,6.0,3.0,1.0,1.0,1.0,1.0,1.0,3.0,3.0,3.0,1.0,1.0,1.0,1.0,1.0,3.0,3.0,3.0,1.0,1.0,1.0,1.0,1.0,3.0,3.0,3.0,1.0,0.0,1.0,1.0,1.0,3.0,3.0,4.0,1.0,1.0,0.0,0.0,0.0,1.0,1.0,1.0,1.0,0.0,0.0,0.0,0.0,3.0,3.0,3.0,0.0,0.0,1.0,1.0,1.0,5.0,4.0,3.0,1.0,0.0,0.0,0.0,0.0,3.0,3.0,3.0,0.0,0.0,1.0,1.0,1.0,3.0,3.0,1.0,1.0,1.0,0.0,0.0,0.0,1.0,1.0,1.0,1.0,0.0,1.0,1.0,1.0,3.0,3.0,3.0,0.0,0.0,0.0,0.0,0.0,1.0,1.0,1.0,1.0,1.0,1.0,1.0,1.0,1.0,1.0,1.0,0.0,1.0,0.0,0.0,0.0,3.0,3.0,3.0,1.0,1.0,1.0,1.0,1.0,5.0,4.0,4.0,1.0,1.0,1.0,1.0,1.0,3.0,3.0,3.0,0.0,0.0,0.0,0.0,0.0,3.0,3.0,3.0,0.0,1.0,Hound,2.0,3.0,3.0,0.65,0.65,0.65
8,1.0,1.0,1.0,6.0,6.0,6.0,1.0,1.0,0.0,0.0,0.0,1.0,3.0,1.0,1.0,1.0,1.0,1.0,1.0,6.0,6.0,6.0,1.0,1.0,1.0,1.0,1.0,6.0,6.0,6.0,1.0,1.0,1.0,1.0,1.0,6.0,6.0,6.0,1.0,1.0,1.0,1.0,1.0,6.0,6.0,6.0,1.0,0.0,1.0,1.0,1.0,4.0,5.0,5.0,1.0,1.0,0.0,0.0,0.0,1.0,1.0,1.0,1.0,0.0,1.0,1.0,1.0,1.0,1.0,1.0,0.0,0.0,1.0,1.0,1.0,6.0,6.0,6.0,1.0,0.0,0.0,0.0,0.0,2.0,2.0,2.0,0.0,0.0,1.0,1.0,1.0,6.0,5.0,5.0,1.0,1.0,0.0,1.0,1.0,6.0,6.0,6.0,1.0,0.0,0.0,0.0,0.0,6.0,6.0,6.0,0.0,0.0,0.0,0.0,0.0,1.0,1.0,1.0,1.0,1.0,1.0,1.0,1.0,1.0,1.0,1.0,0.0,1.0,0.0,0.0,0.0,1.0,1.0,1.0,1.0,1.0,0.0,0.0,0.0,2.0,2.0,2.0,1.0,1.0,1.0,1.0,1.0,6.0,6.0,6.0,0.0,0.0,1.0,1.0,1.0,2.0,2.0,2.0,0.0,1.0,Hound,2.0,3.0,3.0,0.6,0.65,0.65
9,1.0,1.0,1.0,5.0,6.0,4.0,1.0,1.0,0.0,0.0,0.0,4.0,4.0,3.0,1.0,1.0,1.0,1.0,1.0,4.0,3.0,3.0,1.0,1.0,1.0,1.0,1.0,4.0,4.0,4.0,1.0,1.0,1.0,1.0,1.0,5.0,5.0,3.0,1.0,1.0,1.0,1.0,1.0,5.0,4.0,4.0,1.0,0.0,0.0,0.0,1.0,5.0,4.0,3.0,1.0,1.0,0.0,0.0,0.0,3.0,3.0,2.0,1.0,0.0,0.0,0.0,0.0,3.0,3.0,2.0,0.0,0.0,1.0,1.0,1.0,3.0,3.0,2.0,1.0,0.0,0.0,0.0,0.0,2.0,2.0,2.0,0.0,0.0,1.0,1.0,1.0,5.0,6.0,5.0,1.0,1.0,1.0,1.0,1.0,5.0,4.0,2.0,1.0,0.0,0.0,0.0,0.0,,5.0,4.0,0.0,0.0,0.0,0.0,0.0,3.0,3.0,2.0,1.0,1.0,1.0,1.0,1.0,3.0,3.0,2.0,0.0,1.0,0.0,0.0,0.0,3.0,3.0,2.0,1.0,1.0,1.0,1.0,1.0,4.0,4.0,2.0,1.0,1.0,0.0,0.0,0.0,4.0,4.0,5.0,0.0,0.0,1.0,1.0,1.0,4.0,4.0,2.0,0.0,1.0,Hound,2.0,4.0,3.0,0.55,0.55,0.6
10,1.0,1.0,1.0,6.0,6.0,6.0,1.0,1.0,1.0,1.0,1.0,6.0,6.0,4.0,1.0,1.0,1.0,1.0,1.0,6.0,6.0,6.0,1.0,1.0,1.0,1.0,1.0,6.0,6.0,6.0,1.0,1.0,0.0,1.0,1.0,6.0,6.0,6.0,1.0,1.0,1.0,1.0,1.0,6.0,6.0,6.0,1.0,0.0,0.0,1.0,1.0,6.0,6.0,6.0,1.0,1.0,1.0,1.0,1.0,6.0,6.0,6.0,1.0,0.0,0.0,0.0,0.0,6.0,6.0,6.0,0.0,0.0,1.0,1.0,1.0,6.0,6.0,6.0,1.0,0.0,0.0,0.0,0.0,6.0,6.0,6.0,0.0,0.0,1.0,1.0,1.0,6.0,6.0,6.0,1.0,1.0,0.0,1.0,1.0,6.0,6.0,6.0,1.0,0.0,1.0,0.0,0.0,6.0,6.0,6.0,0.0,0.0,0.0,0.0,1.0,6.0,6.0,6.0,1.0,1.0,1.0,1.0,1.0,6.0,6.0,6.0,0.0,1.0,0.0,1.0,1.0,6.0,6.0,6.0,1.0,1.0,1.0,1.0,1.0,6.0,6.0,6.0,1.0,1.0,0.0,0.0,0.0,6.0,6.0,6.0,0.0,0.0,0.0,0.0,0.0,6.0,6.0,6.0,0.0,1.0,Hound,1.0,5.0,5.0,0.55,0.7,0.75
11,1.0,1.0,1.0,6.0,6.0,3.0,1.0,1.0,0.0,1.0,1.0,6.0,6.0,6.0,1.0,1.0,1.0,1.0,1.0,6.0,6.0,3.0,1.0,1.0,1.0,1.0,1.0,6.0,6.0,3.0,1.0,1.0,1.0,1.0,1.0,6.0,6.0,3.0,1.0,1.0,1.0,1.0,1.0,6.0,4.0,3.0,1.0,0.0,1.0,1.0,1.0,5.0,5.0,4.0,1.0,1.0,0.0,0.0,0.0,4.0,2.0,2.0,1.0,0.0,1.0,1.0,1.0,6.0,3.0,3.0,0.0,0.0,1.0,1.0,1.0,3.0,4.0,2.0,1.0,0.0,1.0,0.0,0.0,,,,0.0,0.0,1.0,1.0,1.0,,,,1.0,1.0,0.0,0.0,0.0,,,,1.0,0.0,1.0,0.0,0.0,,,,0.0,0.0,0.0,1.0,1.0,,,,1.0,1.0,1.0,1.0,1.0,,,,0.0,1.0,0.0,0.0,1.0,,,,1.0,1.0,1.0,1.0,1.0,,,,1.0,1.0,1.0,1.0,1.0,,,,0.0,0.0,0.0,0.0,0.0,,,,0.0,1.0,Hound,2.0,,,0.7,0.7,0.75
12,0.0,1.0,1.0,6.0,6.0,6.0,1.0,1.0,1.0,1.0,1.0,2.0,5.0,3.0,1.0,1.0,1.0,1.0,1.0,6.0,6.0,6.0,1.0,1.0,1.0,1.0,1.0,6.0,6.0,6.0,1.0,1.0,0.0,1.0,1.0,5.0,3.0,5.0,1.0,1.0,0.0,1.0,1.0,6.0,6.0,6.0,1.0,0.0,0.0,1.0,1.0,6.0,6.0,6.0,1.0,1.0,1.0,1.0,1.0,2.0,4.0,1.0,1.0,0.0,0.0,0.0,1.0,2.0,4.0,2.0,0.0,0.0,1.0,1.0,1.0,6.0,3.0,6.0,1.0,0.0,0.0,0.0,0.0,6.0,6.0,6.0,0.0,0.0,1.0,1.0,1.0,3.0,5.0,4.0,1.0,1.0,0.0,0.0,1.0,6.0,6.0,6.0,1.0,0.0,0.0,0.0,0.0,6.0,6.0,6.0,0.0,0.0,1.0,1.0,1.0,6.0,6.0,6.0,1.0,1.0,0.0,0.0,0.0,6.0,6.0,6.0,0.0,1.0,0.0,1.0,1.0,6.0,6.0,6.0,1.0,1.0,1.0,1.0,1.0,2.0,6.0,4.0,1.0,1.0,1.0,1.0,0.0,6.0,6.0,6.0,0.0,0.0,0.0,0.0,0.0,6.0,6.0,6.0,0.0,1.0,Hound,1.0,1.0,5.0,0.45,0.7,0.75
13,0.0,0.0,1.0,6.0,6.0,6.0,1.0,1.0,0.0,1.0,1.0,5.0,5.0,5.0,1.0,1.0,1.0,1.0,1.0,6.0,6.0,6.0,1.0,1.0,1.0,1.0,1.0,5.0,5.0,3.0,1.0,1.0,1.0,1.0,1.0,5.0,5.0,5.0,1.0,1.0,1.0,1.0,1.0,5.0,5.0,5.0,1.0,0.0,1.0,1.0,1.0,6.0,6.0,6.0,1.0,1.0,0.0,1.0,1.0,4.0,4.0,4.0,1.0,0.0,0.0,0.0,0.0,6.0,6.0,6.0,0.0,0.0,1.0,1.0,1.0,4.0,4.0,4.0,1.0,0.0,1.0,0.0,0.0,6.0,6.0,6.0,0.0,0.0,1.0,1.0,1.0,6.0,6.0,6.0,1.0,1.0,0.0,1.0,1.0,5.0,5.0,5.0,1.0,0.0,0.0,0.0,0.0,3.0,3.0,3.0,0.0,0.0,0.0,1.0,1.0,5.0,5.0,5.0,1.0,1.0,1.0,1.0,1.0,,,,0.0,1.0,0.0,1.0,1.0,5.0,5.0,5.0,1.0,1.0,0.0,0.0,0.0,,,,1.0,1.0,1.0,1.0,1.0,5.0,5.0,5.0,0.0,0.0,0.0,0.0,0.0,6.0,6.0,6.0,0.0,1.0,Hound,1.0,4.0,6.0,0.5,0.7,0.75
14,1.0,1.0,1.0,6.0,6.0,6.0,1.0,1.0,1.0,1.0,1.0,2.0,3.0,2.0,1.0,1.0,1.0,1.0,1.0,6.0,6.0,6.0,1.0,1.0,1.0,1.0,1.0,6.0,6.0,6.0,1.0,1.0,0.0,1.0,1.0,6.0,6.0,6.0,1.0,1.0,1.0,1.0,1.0,6.0,6.0,6.0,1.0,0.0,1.0,1.0,1.0,6.0,6.0,6.0,1.0,1.0,0.0,0.0,0.0,1.0,1.0,1.0,1.0,0.0,0.0,0.0,0.0,6.0,6.0,6.0,0.0,0.0,1.0,1.0,1.0,3.0,3.0,3.0,1.0,0.0,0.0,0.0,0.0,3.0,3.0,3.0,0.0,0.0,1.0,1.0,1.0,6.0,6.0,6.0,1.0,1.0,1.0,1.0,1.0,6.0,6.0,6.0,1.0,0.0,0.0,0.0,0.0,6.0,6.0,6.0,0.0,0.0,0.0,0.0,0.0,1.0,1.0,1.0,1.0,1.0,0.0,0.0,0.0,1.0,1.0,1.0,0.0,1.0,0.0,0.0,0.0,1.0,1.0,1.0,1.0,1.0,1.0,1.0,1.0,2.0,2.0,2.0,1.0,1.0,1.0,1.0,1.0,6.0,6.0,6.0,0.0,0.0,0.0,0.0,0.0,4.0,5.0,5.0,0.0,1.0,Hound,1.0,3.0,4.0,0.55,0.6,0.6
15,1.0,1.0,1.0,5.0,6.0,4.0,1.0,1.0,1.0,1.0,1.0,3.0,3.0,3.0,1.0,1.0,1.0,1.0,1.0,5.0,5.0,5.0,1.0,1.0,1.0,1.0,1.0,6.0,6.0,6.0,1.0,1.0,0.0,0.0,0.0,1.0,1.0,1.0,1.0,1.0,1.0,1.0,1.0,5.0,5.0,5.0,1.0,0.0,0.0,1.0,1.0,5.0,5.0,5.0,1.0,1.0,1.0,1.0,1.0,5.0,5.0,5.0,1.0,0.0,0.0,0.0,0.0,5.0,5.0,5.0,0.0,0.0,1.0,1.0,1.0,5.0,5.0,5.0,1.0,0.0,0.0,0.0,0.0,5.0,5.0,5.0,0.0,0.0,1.0,1.0,1.0,5.0,5.0,5.0,1.0,1.0,1.0,1.0,1.0,5.0,5.0,5.0,1.0,0.0,0.0,0.0,0.0,3.0,3.0,3.0,0.0,0.0,0.0,0.0,1.0,5.0,5.0,5.0,1.0,1.0,1.0,1.0,1.0,2.0,2.0,2.0,0.0,1.0,0.0,0.0,0.0,1.0,1.0,1.0,1.0,1.0,1.0,1.0,1.0,3.0,3.0,3.0,1.0,1.0,0.0,0.0,0.0,5.0,5.0,5.0,0.0,0.0,0.0,0.0,0.0,5.0,5.0,5.0,0.0,1.0,Hound,2.0,4.0,3.0,0.55,0.6,0.65
16,1.0,1.0,1.0,6.0,6.0,6.0,1.0,1.0,0.0,1.0,1.0,6.0,6.0,6.0,1.0,1.0,1.0,1.0,1.0,6.0,6.0,6.0,1.0,1.0,1.0,1.0,1.0,4.0,6.0,5.0,1.0,1.0,0.0,1.0,1.0,6.0,6.0,6.0,1.0,1.0,1.0,1.0,1.0,6.0,6.0,6.0,1.0,0.0,1.0,1.0,1.0,6.0,6.0,6.0,1.0,1.0,0.0,1.0,1.0,6.0,6.0,6.0,1.0,0.0,1.0,0.0,0.0,6.0,6.0,6.0,0.0,0.0,1.0,1.0,1.0,5.0,5.0,5.0,1.0,0.0,0.0,0.0,0.0,6.0,6.0,6.0,0.0,0.0,0.0,1.0,1.0,6.0,6.0,6.0,1.0,1.0,1.0,1.0,1.0,5.0,5.0,5.0,1.0,0.0,1.0,0.0,0.0,6.0,6.0,6.0,0.0,0.0,0.0,0.0,1.0,6.0,6.0,6.0,1.0,1.0,0.0,0.0,0.0,5.0,5.0,5.0,0.0,1.0,1.0,1.0,1.0,5.0,5.0,5.0,1.0,1.0,0.0,0.0,0.0,5.0,5.0,5.0,1.0,1.0,0.0,0.0,0.0,6.0,6.0,6.0,0.0,0.0,0.0,0.0,0.0,6.0,6.0,6.0,0.0,1.0,Hound,1.0,4.0,5.0,0.5,0.6,0.65
17,1.0,1.0,1.0,6.0,6.0,6.0,1.0,1.0,0.0,1.0,1.0,5.0,4.0,5.0,1.0,1.0,1.0,1.0,1.0,6.0,6.0,6.0,1.0,1.0,1.0,1.0,1.0,6.0,6.0,6.0,1.0,1.0,1.0,1.0,1.0,6.0,6.0,6.0,1.0,1.0,0.0,1.0,1.0,3.0,3.0,3.0,1.0,0.0,0.0,1.0,1.0,3.0,3.0,3.0,1.0,1.0,0.0,1.0,1.0,3.0,3.0,3.0,1.0,0.0,1.0,0.0,0.0,4.0,4.0,4.0,0.0,0.0,0.0,1.0,1.0,6.0,6.0,6.0,1.0,0.0,0.0,0.0,0.0,3.0,3.0,3.0,0.0,0.0,1.0,1.0,1.0,6.0,6.0,6.0,1.0,1.0,0.0,0.0,0.0,1.0,1.0,1.0,1.0,0.0,0.0,0.0,0.0,6.0,6.0,6.0,0.0,0.0,0.0,1.0,1.0,3.0,3.0,3.0,1.0,1.0,1.0,0.0,0.0,3.0,3.0,3.0,0.0,1.0,0.0,1.0,1.0,6.0,6.0,6.0,1.0,1.0,0.0,1.0,1.0,4.0,4.0,4.0,1.0,1.0,1.0,1.0,1.0,2.0,2.0,2.0,0.0,0.0,0.0,0.0,0.0,6.0,6.0,6.0,0.0,1.0,Hound,1.0,3.0,5.0,0.4,0.7,0.7
18,1.0,1.0,1.0,6.0,6.0,6.0,1.0,1.0,0.0,0.0,1.0,6.0,6.0,6.0,1.0,1.0,1.0,1.0,1.0,6.0,6.0,6.0,1.0,1.0,1.0,1.0,1.0,6.0,6.0,6.0,1.0,1.0,0.0,0.0,1.0,6.0,6.0,6.0,1.0,1.0,1.0,1.0,1.0,6.0,6.0,6.0,1.0,0.0,1.0,1.0,1.0,6.0,6.0,6.0,1.0,1.0,1.0,1.0,1.0,6.0,6.0,6.0,1.0,0.0,0.0,0.0,0.0,6.0,6.0,6.0,0.0,0.0,1.0,1.0,1.0,6.0,6.0,6.0,1.0,0.0,0.0,0.0,0.0,6.0,6.0,6.0,0.0,0.0,0.0,1.0,1.0,6.0,6.0,6.0,1.0,1.0,0.0,1.0,1.0,6.0,6.0,6.0,1.0,0.0,0.0,0.0,0.0,6.0,6.0,6.0,0.0,0.0,0.0,1.0,1.0,6.0,6.0,6.0,1.0,1.0,1.0,1.0,1.0,6.0,6.0,6.0,0.0,1.0,0.0,1.0,1.0,6.0,6.0,6.0,1.0,1.0,1.0,1.0,1.0,6.0,6.0,6.0,1.0,1.0,0.0,0.0,0.0,3.0,6.0,6.0,0.0,0.0,0.0,0.0,0.0,6.0,6.0,6.0,0.0,1.0,Hound,1.0,3.0,5.0,0.45,0.65,0.75
19,1.0,1.0,1.0,5.0,5.0,6.0,1.0,1.0,1.0,1.0,1.0,4.0,5.0,4.0,1.0,1.0,1.0,1.0,1.0,6.0,6.0,4.0,1.0,1.0,1.0,1.0,1.0,5.0,5.0,5.0,1.0,1.0,1.0,1.0,1.0,3.0,5.0,6.0,1.0,1.0,1.0,1.0,1.0,4.0,5.0,4.0,1.0,0.0,0.0,1.0,1.0,3.0,4.0,5.0,1.0,1.0,0.0,0.0,0.0,2.0,3.0,2.0,1.0,0.0,1.0,1.0,1.0,2.0,3.0,2.0,0.0,0.0,1.0,1.0,1.0,4.0,3.0,3.0,1.0,0.0,1.0,1.0,1.0,2.0,3.0,1.0,0.0,0.0,1.0,1.0,1.0,3.0,3.0,3.0,1.0,1.0,0.0,1.0,1.0,3.0,4.0,5.0,1.0,0.0,1.0,0.0,0.0,3.0,3.0,3.0,0.0,0.0,0.0,0.0,0.0,1.0,1.0,1.0,1.0,1.0,0.0,0.0,0.0,2.0,2.0,2.0,0.0,1.0,1.0,1.0,1.0,3.0,4.0,2.0,1.0,1.0,1.0,1.0,1.0,4.0,5.0,5.0,1.0,1.0,0.0,0.0,0.0,5.0,5.0,4.0,0.0,0.0,1.0,1.0,1.0,2.0,3.0,2.0,0.0,1.0,Hound,2.0,4.0,5.0,0.7,0.75,0.75
20,1.0,1.0,1.0,6.0,6.0,6.0,1.0,1.0,1.0,1.0,1.0,4.0,4.0,4.0,1.0,1.0,1.0,1.0,1.0,5.0,6.0,6.0,1.0,1.0,1.0,1.0,1.0,6.0,6.0,6.0,1.0,1.0,1.0,1.0,1.0,6.0,6.0,6.0,1.0,1.0,1.0,1.0,1.0,6.0,6.0,6.0,1.0,0.0,1.0,1.0,1.0,6.0,6.0,6.0,1.0,1.0,0.0,0.0,0.0,4.0,4.0,5.0,1.0,0.0,1.0,1.0,1.0,3.0,4.0,3.0,0.0,0.0,1.0,1.0,1.0,2.0,2.0,2.0,1.0,0.0,1.0,1.0,1.0,4.0,5.0,5.0,0.0,0.0,1.0,1.0,1.0,6.0,6.0,6.0,1.0,1.0,0.0,0.0,0.0,1.0,3.0,1.0,1.0,0.0,0.0,0.0,0.0,6.0,6.0,6.0,0.0,0.0,1.0,1.0,1.0,6.0,6.0,6.0,1.0,1.0,0.0,0.0,0.0,1.0,1.0,1.0,0.0,1.0,0.0,0.0,0.0,1.0,3.0,1.0,1.0,1.0,1.0,1.0,1.0,4.0,5.0,6.0,1.0,1.0,0.0,0.0,0.0,6.0,4.0,4.0,0.0,0.0,1.0,1.0,1.0,6.0,6.0,6.0,0.0,1.0,Hound,2.0,4.0,4.0,0.7,0.7,0.7
21,,1.0,1.0,4.0,5.0,5.0,1.0,1.0,,1.0,1.0,6.0,5.0,6.0,1.0,1.0,,1.0,1.0,6.0,6.0,6.0,1.0,1.0,,1.0,1.0,6.0,6.0,6.0,1.0,1.0,,1.0,1.0,6.0,5.0,6.0,1.0,1.0,,1.0,1.0,6.0,4.0,6.0,1.0,0.0,,1.0,1.0,6.0,6.0,6.0,1.0,1.0,,1.0,1.0,4.0,3.0,5.0,1.0,0.0,,1.0,1.0,4.0,4.0,4.0,0.0,0.0,,1.0,1.0,6.0,1.0,6.0,1.0,0.0,,0.0,0.0,5.0,3.0,6.0,0.0,0.0,,1.0,1.0,5.0,4.0,6.0,1.0,1.0,,1.0,1.0,5.0,4.0,5.0,1.0,0.0,,0.0,0.0,6.0,6.0,6.0,0.0,0.0,,1.0,1.0,6.0,6.0,6.0,1.0,1.0,,1.0,1.0,5.0,3.0,6.0,0.0,1.0,,1.0,1.0,6.0,6.0,6.0,1.0,1.0,,1.0,1.0,6.0,6.0,6.0,1.0,1.0,,0.0,0.0,6.0,5.0,6.0,0.0,0.0,,0.0,0.0,6.0,5.0,6.0,0.0,1.0,Ram,2.0,4.0,5.0,,0.8,0.8
22,,1.0,1.0,6.0,6.0,6.0,1.0,1.0,,1.0,1.0,2.0,3.0,2.0,1.0,1.0,,1.0,1.0,6.0,6.0,6.0,1.0,1.0,,1.0,1.0,6.0,6.0,6.0,1.0,1.0,,1.0,1.0,6.0,6.0,6.0,1.0,1.0,,1.0,1.0,6.0,6.0,6.0,1.0,0.0,,1.0,1.0,5.0,5.0,5.0,1.0,1.0,,1.0,1.0,5.0,5.0,6.0,1.0,0.0,,0.0,0.0,6.0,6.0,6.0,0.0,0.0,,1.0,1.0,6.0,6.0,6.0,1.0,0.0,,0.0,0.0,6.0,6.0,6.0,0.0,0.0,,1.0,1.0,6.0,6.0,6.0,1.0,1.0,,1.0,1.0,5.0,4.0,5.0,1.0,0.0,,0.0,0.0,6.0,6.0,6.0,0.0,0.0,,1.0,1.0,6.0,6.0,6.0,1.0,1.0,,1.0,1.0,1.0,1.0,1.0,0.0,1.0,,1.0,1.0,4.0,4.0,4.0,1.0,1.0,,1.0,1.0,5.0,5.0,5.0,1.0,1.0,,0.0,0.0,6.0,6.0,6.0,0.0,0.0,,1.0,1.0,2.0,1.0,2.0,0.0,1.0,Ram,1.0,4.0,5.0,,0.8,0.8
23,,1.0,1.0,6.0,6.0,5.0,1.0,1.0,,1.0,1.0,5.0,6.0,6.0,1.0,1.0,,1.0,1.0,4.0,5.0,4.0,1.0,1.0,,1.0,1.0,6.0,6.0,5.0,1.0,1.0,,1.0,1.0,5.0,6.0,6.0,1.0,1.0,,1.0,1.0,4.0,4.0,5.0,1.0,0.0,,1.0,1.0,6.0,6.0,6.0,1.0,1.0,,1.0,1.0,3.0,3.0,3.0,1.0,0.0,,0.0,0.0,3.0,4.0,5.0,0.0,0.0,,1.0,1.0,1.0,1.0,1.0,1.0,0.0,,1.0,0.0,3.0,3.0,5.0,0.0,0.0,,1.0,1.0,6.0,6.0,6.0,1.0,1.0,,1.0,1.0,5.0,5.0,6.0,1.0,0.0,,0.0,0.0,6.0,6.0,6.0,0.0,0.0,,1.0,1.0,1.0,1.0,1.0,1.0,1.0,,1.0,0.0,2.0,2.0,3.0,0.0,1.0,,1.0,1.0,6.0,6.0,6.0,1.0,1.0,,1.0,1.0,6.0,6.0,6.0,1.0,1.0,,1.0,1.0,5.0,5.0,5.0,0.0,0.0,,0.0,0.0,6.0,4.0,5.0,0.0,1.0,Ram,1.0,5.0,5.0,,0.85,0.75
24,,1.0,1.0,6.0,6.0,6.0,1.0,1.0,,1.0,1.0,6.0,6.0,6.0,1.0,1.0,,1.0,1.0,6.0,6.0,6.0,1.0,1.0,,1.0,1.0,6.0,6.0,6.0,1.0,1.0,,1.0,1.0,6.0,6.0,6.0,1.0,1.0,,1.0,1.0,5.0,6.0,6.0,1.0,0.0,,1.0,1.0,6.0,6.0,6.0,1.0,1.0,,1.0,1.0,5.0,5.0,5.0,1.0,0.0,,0.0,0.0,5.0,6.0,6.0,0.0,0.0,,1.0,1.0,5.0,6.0,6.0,1.0,0.0,,0.0,0.0,6.0,6.0,6.0,0.0,0.0,,1.0,1.0,6.0,6.0,6.0,1.0,1.0,,1.0,1.0,4.0,6.0,6.0,1.0,0.0,,0.0,0.0,6.0,6.0,6.0,0.0,0.0,,1.0,1.0,2.0,6.0,4.0,1.0,1.0,,1.0,1.0,1.0,5.0,3.0,0.0,1.0,,1.0,1.0,6.0,6.0,6.0,1.0,1.0,,1.0,1.0,3.0,6.0,6.0,1.0,1.0,,0.0,0.0,5.0,6.0,6.0,0.0,0.0,,1.0,1.0,4.0,6.0,6.0,0.0,1.0,Ram,1.0,4.0,5.0,,0.8,0.8
25,,1.0,1.0,5.0,5.0,4.0,1.0,1.0,,1.0,1.0,1.0,1.0,1.0,1.0,1.0,,1.0,1.0,3.0,4.0,4.0,1.0,1.0,,1.0,1.0,4.0,4.0,4.0,1.0,1.0,,1.0,1.0,4.0,4.0,4.0,1.0,1.0,,1.0,1.0,5.0,5.0,6.0,1.0,0.0,,1.0,1.0,5.0,5.0,5.0,1.0,1.0,,1.0,1.0,4.0,4.0,4.0,1.0,0.0,,0.0,0.0,3.0,4.0,3.0,0.0,0.0,,1.0,1.0,3.0,3.0,4.0,1.0,0.0,,0.0,0.0,5.0,5.0,5.0,0.0,0.0,,1.0,1.0,5.0,5.0,5.0,1.0,1.0,,1.0,1.0,3.0,3.0,2.0,1.0,0.0,,0.0,0.0,4.0,4.0,4.0,0.0,0.0,,1.0,1.0,4.0,4.0,4.0,1.0,1.0,,1.0,1.0,1.0,2.0,1.0,0.0,1.0,,1.0,1.0,5.0,5.0,6.0,1.0,1.0,,1.0,1.0,3.0,3.0,3.0,1.0,1.0,,0.0,0.0,5.0,5.0,5.0,0.0,0.0,,0.0,0.0,4.0,4.0,4.0,0.0,1.0,Ram,2.0,3.0,3.0,,0.75,0.75
26,,1.0,1.0,5.0,5.0,5.0,1.0,1.0,,1.0,1.0,4.0,4.0,5.0,1.0,1.0,,1.0,1.0,6.0,5.0,6.0,1.0,1.0,,1.0,1.0,6.0,6.0,6.0,1.0,1.0,,1.0,1.0,5.0,5.0,6.0,1.0,1.0,,1.0,1.0,5.0,6.0,5.0,1.0,0.0,,1.0,1.0,5.0,6.0,5.0,1.0,1.0,,1.0,1.0,5.0,4.0,6.0,1.0,0.0,,0.0,0.0,5.0,6.0,6.0,0.0,0.0,,1.0,1.0,5.0,4.0,5.0,1.0,0.0,,1.0,1.0,3.0,5.0,4.0,0.0,0.0,,1.0,1.0,5.0,5.0,6.0,1.0,1.0,,1.0,1.0,5.0,6.0,6.0,1.0,0.0,,0.0,0.0,4.0,3.0,3.0,0.0,0.0,,1.0,1.0,4.0,5.0,6.0,1.0,1.0,,1.0,0.0,5.0,5.0,6.0,0.0,1.0,,1.0,1.0,6.0,5.0,6.0,1.0,1.0,,1.0,1.0,4.0,3.0,6.0,1.0,1.0,,1.0,1.0,5.0,6.0,6.0,0.0,0.0,,1.0,1.0,5.0,5.0,6.0,0.0,1.0,Ram,1.0,4.0,4.0,,0.9,0.85
27,,1.0,1.0,5.0,5.0,5.0,1.0,1.0,,1.0,1.0,4.0,6.0,6.0,1.0,1.0,,1.0,1.0,3.0,3.0,3.0,1.0,1.0,,1.0,1.0,4.0,4.0,3.0,1.0,1.0,,1.0,1.0,4.0,4.0,5.0,1.0,1.0,,1.0,1.0,4.0,5.0,5.0,1.0,0.0,,1.0,1.0,5.0,5.0,5.0,1.0,1.0,,1.0,1.0,5.0,5.0,5.0,1.0,0.0,,0.0,0.0,5.0,5.0,5.0,0.0,0.0,,1.0,1.0,4.0,4.0,4.0,1.0,0.0,,0.0,0.0,5.0,5.0,5.0,0.0,0.0,,1.0,1.0,6.0,5.0,5.0,1.0,1.0,,1.0,1.0,4.0,4.0,5.0,1.0,0.0,,0.0,0.0,5.0,5.0,5.0,0.0,0.0,,1.0,1.0,5.0,5.0,4.0,1.0,1.0,,1.0,1.0,2.0,3.0,3.0,0.0,1.0,,1.0,1.0,5.0,4.0,3.0,1.0,1.0,,1.0,1.0,5.0,5.0,5.0,1.0,1.0,,0.0,0.0,5.0,5.0,6.0,0.0,0.0,,1.0,1.0,5.0,5.0,4.0,0.0,1.0,Ram,2.0,5.0,4.0,,0.8,0.8
28,,1.0,1.0,6.0,6.0,6.0,1.0,1.0,,1.0,1.0,3.0,3.0,2.0,1.0,1.0,,1.0,1.0,6.0,5.0,5.0,1.0,1.0,,1.0,1.0,5.0,4.0,4.0,1.0,1.0,,1.0,1.0,6.0,4.0,5.0,1.0,1.0,,1.0,1.0,5.0,3.0,4.0,1.0,0.0,,1.0,1.0,5.0,4.0,4.0,1.0,1.0,,1.0,1.0,3.0,3.0,3.0,1.0,0.0,,1.0,1.0,3.0,3.0,3.0,0.0,0.0,,1.0,1.0,6.0,6.0,6.0,1.0,0.0,,0.0,0.0,5.0,5.0,5.0,0.0,0.0,,1.0,1.0,6.0,6.0,6.0,1.0,1.0,,1.0,1.0,6.0,6.0,6.0,1.0,0.0,,0.0,0.0,6.0,6.0,6.0,0.0,0.0,,1.0,1.0,6.0,6.0,6.0,1.0,1.0,,1.0,1.0,5.0,5.0,4.0,0.0,1.0,,1.0,1.0,3.0,3.0,3.0,1.0,1.0,,1.0,1.0,4.0,4.0,4.0,1.0,1.0,,0.0,0.0,6.0,6.0,6.0,0.0,0.0,,1.0,1.0,4.0,4.0,4.0,0.0,1.0,Ram,2.0,1.0,4.0,,0.85,0.85
29,,1.0,1.0,4.0,5.0,5.0,1.0,1.0,,1.0,1.0,5.0,5.0,5.0,1.0,1.0,,1.0,1.0,4.0,5.0,3.0,1.0,1.0,,1.0,1.0,4.0,4.0,2.0,1.0,1.0,,1.0,1.0,4.0,4.0,3.0,1.0,1.0,,1.0,1.0,2.0,4.0,1.0,1.0,0.0,,1.0,1.0,4.0,4.0,1.0,1.0,1.0,,1.0,1.0,5.0,5.0,4.0,1.0,0.0,,0.0,0.0,3.0,4.0,3.0,0.0,0.0,,1.0,1.0,3.0,4.0,3.0,1.0,0.0,,1.0,1.0,1.0,2.0,1.0,0.0,0.0,,1.0,1.0,5.0,5.0,4.0,1.0,1.0,,1.0,1.0,4.0,4.0,4.0,1.0,0.0,,0.0,0.0,6.0,6.0,6.0,0.0,0.0,,1.0,1.0,5.0,5.0,5.0,1.0,1.0,,1.0,1.0,3.0,5.0,5.0,0.0,1.0,,1.0,1.0,2.0,5.0,2.0,1.0,1.0,,1.0,1.0,6.0,6.0,4.0,1.0,1.0,,1.0,1.0,5.0,4.0,4.0,0.0,0.0,,1.0,1.0,3.0,5.0,3.0,0.0,1.0,Ram,2.0,4.0,4.0,,0.9,0.9
30,,1.0,1.0,6.0,5.0,3.0,1.0,1.0,,1.0,1.0,5.0,5.0,4.0,1.0,1.0,,1.0,1.0,6.0,6.0,2.0,1.0,1.0,,1.0,1.0,6.0,6.0,2.0,1.0,1.0,,1.0,1.0,4.0,5.0,3.0,1.0,1.0,,1.0,1.0,5.0,6.0,2.0,1.0,0.0,,1.0,1.0,6.0,5.0,3.0,1.0,1.0,,1.0,1.0,3.0,5.0,3.0,1.0,0.0,,1.0,1.0,5.0,5.0,3.0,0.0,0.0,,1.0,1.0,4.0,5.0,2.0,1.0,0.0,,1.0,1.0,,,,0.0,0.0,,1.0,1.0,5.0,5.0,2.0,1.0,1.0,,1.0,1.0,4.0,5.0,3.0,1.0,0.0,,1.0,1.0,2.0,5.0,2.0,0.0,0.0,,1.0,1.0,5.0,6.0,5.0,1.0,1.0,,1.0,1.0,2.0,4.0,2.0,0.0,1.0,,1.0,1.0,4.0,5.0,4.0,1.0,1.0,,1.0,1.0,6.0,6.0,3.0,1.0,1.0,,0.0,0.0,6.0,6.0,2.0,0.0,0.0,,0.0,0.0,5.0,6.0,2.0,0.0,1.0,Ram,1.0,4.0,5.0,,0.9,0.9
31,,1.0,1.0,5.0,6.0,6.0,1.0,1.0,,1.0,1.0,5.0,5.0,6.0,1.0,1.0,,1.0,1.0,5.0,6.0,6.0,1.0,1.0,,1.0,1.0,4.0,6.0,6.0,1.0,1.0,,1.0,1.0,5.0,5.0,5.0,1.0,1.0,,1.0,1.0,5.0,6.0,6.0,1.0,0.0,,1.0,1.0,5.0,6.0,6.0,1.0,1.0,,1.0,1.0,4.0,6.0,6.0,1.0,0.0,,0.0,0.0,6.0,5.0,6.0,0.0,0.0,,1.0,1.0,5.0,5.0,5.0,1.0,0.0,,0.0,0.0,4.0,5.0,6.0,0.0,0.0,,1.0,1.0,5.0,5.0,5.0,1.0,1.0,,1.0,1.0,5.0,4.0,5.0,1.0,0.0,,0.0,0.0,6.0,6.0,6.0,0.0,0.0,,1.0,1.0,5.0,6.0,6.0,1.0,1.0,,1.0,1.0,2.0,5.0,5.0,0.0,1.0,,1.0,1.0,5.0,5.0,4.0,1.0,1.0,,1.0,1.0,5.0,5.0,5.0,1.0,1.0,,0.0,0.0,6.0,6.0,6.0,0.0,0.0,,1.0,1.0,2.0,5.0,5.0,0.0,1.0,Ram,1.0,5.0,6.0,,0.8,0.8
32,,1.0,1.0,5.0,6.0,4.0,1.0,1.0,,1.0,1.0,4.0,4.0,4.0,1.0,1.0,,1.0,1.0,4.0,4.0,4.0,1.0,1.0,,1.0,1.0,4.0,4.0,4.0,1.0,1.0,,1.0,1.0,4.0,4.0,4.0,1.0,1.0,,1.0,1.0,4.0,4.0,4.0,1.0,0.0,,1.0,1.0,4.0,4.0,4.0,1.0,1.0,,1.0,1.0,4.0,4.0,4.0,1.0,0.0,,0.0,0.0,4.0,4.0,4.0,0.0,0.0,,1.0,1.0,4.0,4.0,4.0,1.0,0.0,,1.0,1.0,2.0,2.0,2.0,0.0,0.0,,1.0,1.0,5.0,5.0,5.0,1.0,1.0,,1.0,1.0,3.0,3.0,3.0,1.0,0.0,,1.0,1.0,4.0,4.0,4.0,0.0,0.0,,1.0,1.0,,,,1.0,1.0,,1.0,1.0,,,,0.0,1.0,,1.0,1.0,,,,1.0,1.0,,1.0,1.0,,,,1.0,1.0,,0.0,0.0,,,,0.0,0.0,,1.0,1.0,,,,0.0,1.0,Ram,2.0,,,,0.9,0.9
33,,1.0,1.0,6.0,6.0,6.0,1.0,1.0,,1.0,1.0,6.0,6.0,6.0,1.0,1.0,,1.0,1.0,6.0,6.0,6.0,1.0,1.0,,1.0,1.0,6.0,6.0,6.0,1.0,1.0,,1.0,1.0,6.0,6.0,6.0,1.0,1.0,,1.0,1.0,6.0,6.0,6.0,1.0,0.0,,1.0,1.0,5.0,5.0,6.0,1.0,1.0,,1.0,1.0,6.0,6.0,6.0,1.0,0.0,,0.0,0.0,5.0,5.0,5.0,0.0,0.0,,1.0,1.0,5.0,6.0,6.0,1.0,0.0,,0.0,0.0,6.0,6.0,6.0,0.0,0.0,,1.0,1.0,5.0,5.0,5.0,1.0,1.0,,1.0,1.0,4.0,6.0,5.0,1.0,0.0,,0.0,0.0,6.0,6.0,6.0,0.0,0.0,,1.0,1.0,6.0,6.0,6.0,1.0,1.0,,1.0,1.0,2.0,6.0,2.0,0.0,1.0,,1.0,1.0,6.0,6.0,6.0,1.0,1.0,,1.0,1.0,6.0,6.0,6.0,1.0,1.0,,0.0,0.0,5.0,5.0,5.0,0.0,0.0,,0.0,0.0,6.0,6.0,6.0,0.0,1.0,Ram,1.0,,,,0.75,0.75
34,,1.0,1.0,6.0,6.0,6.0,1.0,1.0,,1.0,1.0,5.0,6.0,6.0,1.0,1.0,,1.0,1.0,6.0,6.0,6.0,1.0,1.0,,1.0,1.0,6.0,6.0,6.0,1.0,1.0,,1.0,1.0,6.0,6.0,6.0,1.0,1.0,,1.0,1.0,6.0,6.0,6.0,1.0,0.0,,1.0,1.0,6.0,6.0,6.0,1.0,1.0,,1.0,1.0,3.0,2.0,2.0,1.0,0.0,,1.0,1.0,4.0,5.0,5.0,0.0,0.0,,1.0,1.0,6.0,6.0,6.0,1.0,0.0,,0.0,0.0,5.0,5.0,5.0,0.0,0.0,,1.0,1.0,6.0,6.0,6.0,1.0,1.0,,1.0,1.0,6.0,6.0,6.0,1.0,0.0,,1.0,1.0,4.0,5.0,5.0,0.0,0.0,,1.0,1.0,5.0,5.0,5.0,1.0,1.0,,1.0,1.0,4.0,4.0,4.0,0.0,1.0,,1.0,1.0,6.0,6.0,6.0,1.0,1.0,,1.0,1.0,6.0,6.0,6.0,1.0,1.0,,1.0,1.0,5.0,5.0,5.0,0.0,0.0,,0.0,0.0,6.0,6.0,6.0,0.0,1.0,Ram,1.0,5.0,5.0,,0.9,0.9
35,,1.0,1.0,6.0,5.0,5.0,1.0,1.0,,1.0,1.0,5.0,,5.0,1.0,1.0,,1.0,1.0,5.0,5.0,5.0,1.0,1.0,,1.0,1.0,5.0,5.0,6.0,1.0,1.0,,1.0,1.0,5.0,5.0,5.0,1.0,1.0,,1.0,1.0,6.0,5.0,6.0,1.0,0.0,,1.0,1.0,,,6.0,1.0,1.0,,1.0,1.0,6.0,6.0,6.0,1.0,0.0,,0.0,0.0,,,,0.0,0.0,,1.0,1.0,6.0,6.0,6.0,1.0,0.0,,0.0,0.0,5.0,6.0,6.0,0.0,0.0,,1.0,1.0,6.0,3.0,6.0,1.0,1.0,,1.0,1.0,6.0,6.0,6.0,1.0,0.0,,1.0,1.0,6.0,6.0,6.0,0.0,0.0,,1.0,1.0,6.0,4.0,6.0,1.0,1.0,,1.0,1.0,6.0,6.0,6.0,0.0,1.0,,1.0,1.0,1.0,1.0,1.0,1.0,1.0,,1.0,1.0,6.0,6.0,6.0,1.0,1.0,,0.0,0.0,6.0,6.0,,0.0,0.0,,0.0,0.0,,,6.0,0.0,1.0,Ram,2.0,5.0,6.0,,0.8,0.8
36,,1.0,1.0,4.0,4.0,4.0,1.0,1.0,,1.0,1.0,3.0,3.0,3.0,1.0,1.0,,1.0,1.0,5.0,5.0,5.0,1.0,1.0,,1.0,1.0,5.0,5.0,5.0,1.0,1.0,,1.0,1.0,4.0,4.0,4.0,1.0,1.0,,1.0,1.0,3.0,3.0,3.0,1.0,0.0,,1.0,1.0,2.0,2.0,2.0,1.0,1.0,,1.0,1.0,2.0,2.0,2.0,1.0,0.0,,0.0,0.0,4.0,4.0,4.0,0.0,0.0,,1.0,1.0,3.0,3.0,3.0,1.0,0.0,,0.0,0.0,3.0,,,0.0,0.0,,1.0,1.0,,,,1.0,1.0,,1.0,1.0,,,,1.0,0.0,,0.0,0.0,,,,0.0,0.0,,1.0,1.0,,,,1.0,1.0,,1.0,1.0,,,,0.0,1.0,,1.0,1.0,,,,1.0,1.0,,1.0,1.0,,,,1.0,1.0,,0.0,0.0,,,,0.0,0.0,,0.0,0.0,,,,0.0,1.0,Ram,1.0,4.0,3.0,,0.75,0.75
37,,1.0,1.0,6.0,6.0,4.0,1.0,1.0,,1.0,1.0,6.0,6.0,6.0,1.0,1.0,,1.0,1.0,6.0,4.0,4.0,1.0,1.0,,1.0,1.0,6.0,3.0,3.0,1.0,1.0,,1.0,1.0,6.0,4.0,5.0,1.0,1.0,,1.0,1.0,5.0,3.0,4.0,1.0,0.0,,1.0,1.0,5.0,4.0,4.0,1.0,1.0,,1.0,1.0,4.0,4.0,4.0,1.0,0.0,,1.0,1.0,2.0,2.0,2.0,0.0,0.0,,1.0,1.0,6.0,2.0,4.0,1.0,0.0,,0.0,0.0,5.0,4.0,5.0,0.0,0.0,,1.0,1.0,5.0,4.0,5.0,1.0,1.0,,1.0,1.0,5.0,4.0,4.0,1.0,0.0,,1.0,1.0,5.0,5.0,6.0,0.0,0.0,,1.0,1.0,2.0,3.0,3.0,1.0,1.0,,1.0,1.0,1.0,3.0,1.0,0.0,1.0,,1.0,1.0,5.0,4.0,5.0,1.0,1.0,,1.0,1.0,5.0,4.0,5.0,1.0,1.0,,0.0,0.0,5.0,5.0,5.0,0.0,0.0,,0.0,0.0,5.0,4.0,5.0,0.0,1.0,Ram,1.0,4.0,4.0,,0.85,0.85
38,,1.0,1.0,5.0,3.0,3.0,1.0,1.0,,1.0,1.0,3.0,4.0,4.0,1.0,1.0,,1.0,1.0,4.0,3.0,4.0,1.0,1.0,,1.0,1.0,3.0,5.0,4.0,1.0,1.0,,1.0,1.0,3.0,3.0,3.0,1.0,1.0,,1.0,1.0,3.0,3.0,4.0,1.0,0.0,,1.0,1.0,4.0,4.0,2.0,1.0,1.0,,1.0,1.0,4.0,4.0,3.0,1.0,0.0,,0.0,0.0,4.0,5.0,4.0,0.0,0.0,,1.0,1.0,3.0,4.0,4.0,1.0,0.0,,0.0,0.0,4.0,4.0,4.0,0.0,0.0,,1.0,1.0,4.0,4.0,3.0,1.0,1.0,,1.0,1.0,3.0,3.0,3.0,1.0,0.0,,0.0,0.0,3.0,4.0,5.0,0.0,0.0,,1.0,1.0,3.0,4.0,3.0,1.0,1.0,,0.0,0.0,3.0,4.0,3.0,0.0,1.0,,1.0,1.0,3.0,4.0,4.0,1.0,1.0,,1.0,1.0,3.0,4.0,4.0,1.0,1.0,,0.0,0.0,5.0,4.0,5.0,0.0,0.0,,0.0,0.0,3.0,4.0,3.0,0.0,1.0,Ram,2.0,4.0,3.0,,0.7,0.7
39,,1.0,1.0,4.0,4.0,4.0,1.0,1.0,,1.0,1.0,3.0,3.0,3.0,1.0,1.0,,1.0,1.0,3.0,3.0,3.0,1.0,1.0,,1.0,1.0,3.0,3.0,3.0,1.0,1.0,,1.0,1.0,4.0,4.0,4.0,1.0,1.0,,1.0,1.0,2.0,2.0,2.0,1.0,0.0,,1.0,1.0,3.0,3.0,3.0,1.0,1.0,,1.0,1.0,3.0,3.0,3.0,1.0,0.0,,0.0,0.0,4.0,4.0,4.0,0.0,0.0,,1.0,1.0,4.0,4.0,4.0,1.0,0.0,,0.0,0.0,5.0,5.0,5.0,0.0,0.0,,1.0,1.0,2.0,2.0,2.0,1.0,1.0,,1.0,1.0,4.0,4.0,4.0,1.0,0.0,,0.0,0.0,2.0,2.0,2.0,0.0,0.0,,1.0,1.0,4.0,4.0,4.0,1.0,1.0,,1.0,1.0,4.0,4.0,4.0,0.0,1.0,,1.0,1.0,3.0,3.0,3.0,1.0,1.0,,1.0,1.0,2.0,2.0,2.0,1.0,1.0,,0.0,0.0,3.0,3.0,3.0,0.0,0.0,,0.0,0.0,4.0,4.0,4.0,0.0,1.0,Ram,1.0,3.0,4.0,,0.75,0.75
40,,1.0,1.0,6.0,6.0,6.0,1.0,1.0,,1.0,1.0,5.0,5.0,5.0,1.0,1.0,,1.0,1.0,6.0,6.0,6.0,1.0,1.0,,1.0,1.0,5.0,5.0,5.0,1.0,1.0,,1.0,1.0,5.0,5.0,5.0,1.0,1.0,,1.0,1.0,5.0,5.0,5.0,1.0,0.0,,1.0,1.0,6.0,6.0,6.0,1.0,1.0,,1.0,1.0,3.0,3.0,3.0,1.0,0.0,,1.0,1.0,5.0,5.0,5.0,0.0,0.0,,1.0,1.0,5.0,5.0,5.0,1.0,0.0,,0.0,0.0,5.0,5.0,5.0,0.0,0.0,,1.0,1.0,6.0,6.0,6.0,1.0,1.0,,1.0,1.0,5.0,5.0,5.0,1.0,0.0,,1.0,1.0,6.0,6.0,6.0,0.0,0.0,,1.0,1.0,2.0,2.0,2.0,1.0,1.0,,1.0,1.0,5.0,5.0,5.0,0.0,1.0,,1.0,1.0,5.0,5.0,5.0,1.0,1.0,,1.0,1.0,6.0,6.0,6.0,1.0,1.0,,0.0,0.0,4.0,4.0,4.0,0.0,0.0,,1.0,1.0,5.0,5.0,5.0,0.0,1.0,Ram,1.0,,,,0.9,0.9
41,,1.0,1.0,4.0,,,1.0,1.0,,1.0,1.0,3.0,3.0,4.0,1.0,1.0,,1.0,1.0,1.0,2.0,2.0,1.0,1.0,,1.0,1.0,4.0,4.0,4.0,1.0,1.0,,1.0,1.0,4.0,4.0,4.0,1.0,1.0,,1.0,1.0,4.0,4.0,4.0,1.0,0.0,,1.0,1.0,4.0,4.0,4.0,1.0,1.0,,1.0,1.0,3.0,3.0,3.0,1.0,0.0,,0.0,0.0,4.0,4.0,4.0,0.0,0.0,,1.0,1.0,4.0,4.0,4.0,1.0,0.0,,0.0,0.0,4.0,4.0,4.0,0.0,0.0,,1.0,1.0,4.0,4.0,4.0,1.0,1.0,,1.0,1.0,4.0,4.0,4.0,1.0,0.0,,0.0,0.0,5.0,5.0,5.0,0.0,0.0,,1.0,1.0,1.0,1.0,1.0,1.0,1.0,,1.0,1.0,,,,0.0,1.0,,1.0,1.0,3.0,,3.0,1.0,1.0,,1.0,1.0,,,,1.0,1.0,,0.0,0.0,,,,0.0,0.0,,0.0,0.0,,,,0.0,1.0,Ram,2.0,4.0,4.0,,0.75,0.75
42,,1.0,1.0,5.0,5.0,5.0,1.0,1.0,,1.0,1.0,5.0,5.0,5.0,1.0,1.0,,1.0,1.0,5.0,5.0,5.0,1.0,1.0,,1.0,1.0,5.0,5.0,5.0,1.0,1.0,,1.0,1.0,1.0,3.0,3.0,1.0,1.0,,1.0,1.0,5.0,5.0,5.0,1.0,0.0,,1.0,1.0,4.0,4.0,4.0,1.0,1.0,,1.0,1.0,3.0,3.0,3.0,1.0,0.0,,1.0,1.0,4.0,4.0,4.0,0.0,0.0,,1.0,1.0,3.0,3.0,3.0,1.0,0.0,,0.0,0.0,5.0,5.0,5.0,0.0,0.0,,1.0,1.0,5.0,5.0,5.0,1.0,1.0,,1.0,1.0,5.0,5.0,5.0,1.0,0.0,,0.0,0.0,5.0,5.0,5.0,0.0,0.0,,1.0,1.0,3.0,3.0,3.0,1.0,1.0,,0.0,0.0,5.0,5.0,5.0,0.0,1.0,,1.0,1.0,5.0,5.0,5.0,1.0,1.0,,1.0,1.0,5.0,5.0,5.0,1.0,1.0,,0.0,0.0,5.0,5.0,5.0,0.0,0.0,,1.0,1.0,6.0,6.0,6.0,0.0,1.0,Ram,1.0,4.0,5.0,,0.8,0.8
43,,1.0,1.0,6.0,6.0,6.0,1.0,1.0,,1.0,1.0,5.0,5.0,5.0,1.0,1.0,,1.0,1.0,6.0,6.0,6.0,1.0,1.0,,1.0,1.0,6.0,6.0,6.0,1.0,1.0,,1.0,1.0,6.0,6.0,6.0,1.0,1.0,,1.0,1.0,6.0,6.0,6.0,1.0,0.0,,1.0,1.0,5.0,5.0,5.0,1.0,1.0,,1.0,1.0,3.0,4.0,3.0,1.0,0.0,,1.0,1.0,3.0,5.0,3.0,0.0,0.0,,1.0,1.0,4.0,5.0,5.0,1.0,0.0,,1.0,1.0,5.0,6.0,6.0,0.0,0.0,,1.0,1.0,5.0,6.0,6.0,1.0,1.0,,1.0,1.0,6.0,6.0,6.0,1.0,0.0,,1.0,1.0,4.0,4.0,4.0,0.0,0.0,,1.0,1.0,5.0,5.0,5.0,1.0,1.0,,1.0,1.0,1.0,3.0,1.0,0.0,1.0,,1.0,1.0,2.0,4.0,2.0,1.0,1.0,,1.0,1.0,5.0,4.0,6.0,1.0,1.0,,1.0,1.0,6.0,6.0,6.0,0.0,0.0,,1.0,1.0,6.0,6.0,6.0,0.0,1.0,Ram,2.0,3.0,5.0,,1.0,1.0
