,id,HD1,AI,FHD,Group_H,Group_AI
0,1.0,1.0,1.0,1.0,1.0,AI
1,1.0,1.0,1.0,1.0,1.0,XAI
2,1.0,0.0,1.0,1.0,1.0,AI
3,1.0,1.0,1.0,1.0,1.0,XAI
4,1.0,1.0,1.0,1.0,1.0,AI
5,1.0,1.0,1.0,1.0,1.0,XAI
6,1.0,1.0,1.0,1.0,1.0,AI
7,1.0,1.0,1.0,1.0,1.0,XAI
8,1.0,0.0,1.0,0.0,1.0,AI
9,1.0,0.0,1.0,0.0,1.0,XAI
10,1.0,0.0,1.0,0.0,1.0,AI
11,1.0,0.0,1.0,0.0,1.0,XAI
12,1.0,0.0,1.0,1.0,1.0,AI
13,1.0,1.0,1.0,1.0,1.0,XAI
14,1.0,0.0,1.0,0.0,1.0,AI
15,1.0,0.0,1.0,0.0,1.0,XAI
16,1.0,0.0,0.0,0.0,1.0,AI
17,1.0,0.0,0.0,0.0,1.0,XAI
18,1.0,0.0,1.0,1.0,1.0,AI
19,1.0,1.0,1.0,1.0,1.0,XAI
20,1.0,1.0,0.0,1.0,1.0,AI
21,1.0,1.0,0.0,1.0,1.0,XAI
22,1.0,0.0,1.0,0.0,1.0,AI
23,1.0,0.0,1.0,1.0,1.0,XAI
24,1.0,0.0,1.0,0.0,1.0,AI
25,1.0,0.0,1.0,0.0,1.0,XAI
26,1.0,0.0,0.0,0.0,1.0,AI
27,1.0,0.0,0.0,0.0,1.0,XAI
28,1.0,0.0,1.0,0.0,1.0,AI
29,1.0,0.0,1.0,0.0,1.0,XAI
30,1.0,0.0,0.0,0.0,1.0,AI
31,1.0,0.0,0.0,0.0,1.0,XAI
32,1.0,0.0,1.0,1.0,1.0,AI
33,1.0,1.0,1.0,1.0,1.0,XAI
34,1.0,0.0,1.0,1.0,1.0,AI
35,1.0,1.0,1.0,1.0,1.0,XAI
36,1.0,0.0,0.0,0.0,1.0,AI
37,1.0,0.0,0.0,0.0,1.0,XAI
38,1.0,0.0,0.0,0.0,1.0,AI
39,1.0,0.0,0.0,0.0,1.0,XAI
40,2.0,1.0,1.0,1.0,1.0,AI
41,2.0,1.0,1.0,1.0,1.0,XAI
42,2.0,0.0,1.0,1.0,1.0,AI
43,2.0,1.0,1.0,1.0,1.0,XAI
44,2.0,1.0,1.0,1.0,1.0,AI
45,2.0,1.0,1.0,1.0,1.0,XAI
46,2.0,1.0,1.0,1.0,1.0,AI
47,2.0,1.0,1.0,1.0,1.0,XAI
48,2.0,1.0,1.0,1.0,1.0,AI
49,2.0,1.0,1.0,1.0,1.0,XAI
50,2.0,0.0,1.0,1.0,1.0,AI
51,2.0,1.0,1.0,1.0,1.0,XAI
52,2.0,0.0,1.0,1.0,1.0,AI
53,2.0,1.0,1.0,1.0,1.0,XAI
54,2.0,0.0,1.0,0.0,1.0,AI
55,2.0,0.0,1.0,0.0,1.0,XAI
56,2.0,0.0,0.0,0.0,1.0,AI
57,2.0,0.0,0.0,0.0,1.0,XAI
58,2.0,0.0,1.0,1.0,1.0,AI
59,2.0,1.0,1.0,1.0,1.0,XAI
60,2.0,0.0,0.0,0.0,1.0,AI
61,2.0,0.0,0.0,0.0,1.0,XAI
62,2.0,1.0,1.0,1.0,1.0,AI
63,2.0,1.0,1.0,1.0,1.0,XAI
64,2.0,0.0,1.0,0.0,1.0,AI
65,2.0,0.0,1.0,0.0,1.0,XAI
66,2.0,0.0,0.0,0.0,1.0,AI
67,2.0,0.0,0.0,0.0,1.0,XAI
68,2.0,0.0,1.0,1.0,1.0,AI
69,2.0,1.0,1.0,1.0,1.0,XAI
70,2.0,1.0,0.0,0.0,1.0,AI
71,2.0,0.0,0.0,0.0,1.0,XAI
72,2.0,0.0,1.0,0.0,1.0,AI
73,2.0,0.0,1.0,1.0,1.0,XAI
74,2.0,0.0,1.0,1.0,1.0,AI
75,2.0,1.0,1.0,1.0,1.0,XAI
76,2.0,0.0,0.0,0.0,1.0,AI
77,2.0,0.0,0.0,0.0,1.0,XAI
78,2.0,0.0,0.0,0.0,1.0,AI
79,2.0,0.0,0.0,0.0,1.0,XAI
80,3.0,1.0,1.0,1.0,1.0,AI
81,3.0,1.0,1.0,1.0,1.0,XAI
82,3.0,0.0,1.0,0.0,1.0,AI
83,3.0,0.0,1.0,0.0,1.0,XAI
84,3.0,1.0,1.0,1.0,1.0,AI
85,3.0,1.0,1.0,1.0,1.0,XAI
86,3.0,1.0,1.0,1.0,1.0,AI
87,3.0,1.0,1.0,1.0,1.0,XAI
88,3.0,1.0,1.0,1.0,1.0,AI
89,3.0,1.0,1.0,1.0,1.0,XAI
90,3.0,1.0,1.0,1.0,1.0,AI
91,3.0,1.0,1.0,1.0,1.0,XAI
92,3.0,1.0,1.0,1.0,1.0,AI
93,3.0,1.0,1.0,1.0,1.0,XAI
94,3.0,1.0,1.0,1.0,1.0,AI
95,3.0,1.0,1.0,1.0,1.0,XAI
96,3.0,0.0,0.0,0.0,1.0,AI
97,3.0,0.0,0.0,0.0,1.0,XAI
98,3.0,1.0,1.0,1.0,1.0,AI
99,3.0,1.0,1.0,1.0,1.0,XAI
100,3.0,0.0,0.0,0.0,1.0,AI
101,3.0,0.0,0.0,0.0,1.0,XAI
102,3.0,1.0,1.0,1.0,1.0,AI
103,3.0,1.0,1.0,1.0,1.0,XAI
104,3.0,1.0,1.0,1.0,1.0,AI
105,3.0,1.0,1.0,1.0,1.0,XAI
106,3.0,1.0,0.0,0.0,1.0,AI
107,3.0,0.0,0.0,0.0,1.0,XAI
108,3.0,0.0,1.0,0.0,1.0,AI
109,3.0,0.0,1.0,0.0,1.0,XAI
110,3.0,0.0,0.0,0.0,1.0,AI
111,3.0,0.0,0.0,0.0,1.0,XAI
112,3.0,1.0,1.0,1.0,1.0,AI
113,3.0,1.0,1.0,1.0,1.0,XAI
114,3.0,0.0,1.0,1.0,1.0,AI
115,3.0,1.0,1.0,1.0,1.0,XAI
116,3.0,1.0,0.0,1.0,1.0,AI
117,3.0,1.0,0.0,1.0,1.0,XAI
118,3.0,0.0,0.0,0.0,1.0,AI
119,3.0,0.0,0.0,0.0,1.0,XAI
120,4.0,1.0,1.0,1.0,2.0,AI
121,4.0,1.0,1.0,1.0,2.0,XAI
122,4.0,1.0,1.0,1.0,2.0,AI
123,4.0,1.0,1.0,1.0,2.0,XAI
124,4.0,1.0,1.0,1.0,2.0,AI
125,4.0,1.0,1.0,1.0,2.0,XAI
126,4.0,1.0,1.0,1.0,2.0,AI
127,4.0,1.0,1.0,1.0,2.0,XAI
128,4.0,1.0,1.0,1.0,2.0,AI
129,4.0,1.0,1.0,1.0,2.0,XAI
130,4.0,1.0,1.0,1.0,2.0,AI
131,4.0,1.0,1.0,1.0,2.0,XAI
132,4.0,1.0,1.0,1.0,2.0,AI
133,4.0,1.0,1.0,1.0,2.0,XAI
134,4.0,0.0,1.0,0.0,2.0,AI
135,4.0,0.0,1.0,0.0,2.0,XAI
136,4.0,0.0,0.0,0.0,2.0,AI
137,4.0,0.0,0.0,0.0,2.0,XAI
138,4.0,1.0,1.0,1.0,2.0,AI
139,4.0,1.0,1.0,1.0,2.0,XAI
140,4.0,0.0,0.0,0.0,2.0,AI
141,4.0,0.0,0.0,0.0,2.0,XAI
142,4.0,1.0,1.0,1.0,2.0,AI
143,4.0,1.0,1.0,1.0,2.0,XAI
144,4.0,1.0,1.0,1.0,2.0,AI
145,4.0,1.0,1.0,1.0,2.0,XAI
146,4.0,0.0,0.0,0.0,2.0,AI
147,4.0,0.0,0.0,0.0,2.0,XAI
148,4.0,1.0,1.0,1.0,2.0,AI
149,4.0,1.0,1.0,1.0,2.0,XAI
150,4.0,1.0,0.0,1.0,2.0,AI
151,4.0,1.0,0.0,1.0,2.0,XAI
152,4.0,1.0,1.0,1.0,2.0,AI
153,4.0,1.0,1.0,1.0,2.0,XAI
154,4.0,1.0,1.0,1.0,2.0,AI
155,4.0,1.0,1.0,1.0,2.0,XAI
156,4.0,1.0,0.0,1.0,2.0,AI
157,4.0,1.0,0.0,1.0,2.0,XAI
158,4.0,0.0,0.0,0.0,2.0,AI
159,4.0,0.0,0.0,0.0,2.0,XAI
160,5.0,1.0,1.0,1.0,1.0,AI
161,5.0,1.0,1.0,1.0,1.0,XAI
162,5.0,1.0,1.0,1.0,1.0,AI
163,5.0,1.0,1.0,1.0,1.0,XAI
164,5.0,1.0,1.0,1.0,1.0,AI
165,5.0,1.0,1.0,1.0,1.0,XAI
166,5.0,1.0,1.0,1.0,1.0,AI
167,5.0,1.0,1.0,1.0,1.0,XAI
168,5.0,1.0,1.0,1.0,1.0,AI
169,5.0,1.0,1.0,1.0,1.0,XAI
170,5.0,1.0,1.0,1.0,1.0,AI
171,5.0,1.0,1.0,1.0,1.0,XAI
172,5.0,1.0,1.0,1.0,1.0,AI
173,5.0,1.0,1.0,1.0,1.0,XAI
174,5.0,0.0,1.0,0.0,1.0,AI
175,5.0,0.0,1.0,0.0,1.0,XAI
176,5.0,1.0,0.0,1.0,1.0,AI
177,5.0,1.0,0.0,1.0,1.0,XAI
178,5.0,1.0,1.0,1.0,1.0,AI
179,5.0,1.0,1.0,1.0,1.0,XAI
180,5.0,0.0,0.0,0.0,1.0,AI
181,5.0,0.0,0.0,0.0,1.0,XAI
182,5.0,1.0,1.0,1.0,1.0,AI
183,5.0,1.0,1.0,1.0,1.0,XAI
184,5.0,0.0,1.0,1.0,1.0,AI
185,5.0,1.0,1.0,1.0,1.0,XAI
186,5.0,1.0,0.0,1.0,1.0,AI
187,5.0,1.0,0.0,1.0,1.0,XAI
188,5.0,0.0,1.0,0.0,1.0,AI
189,5.0,0.0,1.0,0.0,1.0,XAI
190,5.0,0.0,0.0,0.0,1.0,AI
191,5.0,0.0,0.0,0.0,1.0,XAI
192,5.0,0.0,1.0,1.0,1.0,AI
193,5.0,1.0,1.0,1.0,1.0,XAI
194,5.0,1.0,1.0,1.0,1.0,AI
195,5.0,1.0,1.0,1.0,1.0,XAI
196,5.0,1.0,0.0,1.0,1.0,AI
197,5.0,1.0,0.0,1.0,1.0,XAI
198,5.0,0.0,0.0,0.0,1.0,AI
199,5.0,0.0,0.0,0.0,1.0,XAI
200,6.0,1.0,1.0,1.0,2.0,AI
201,6.0,1.0,1.0,1.0,2.0,XAI
202,6.0,1.0,1.0,1.0,2.0,AI
203,6.0,1.0,1.0,1.0,2.0,XAI
204,6.0,1.0,1.0,1.0,2.0,AI
205,6.0,1.0,1.0,1.0,2.0,XAI
206,6.0,1.0,1.0,1.0,2.0,AI
207,6.0,1.0,1.0,1.0,2.0,XAI
208,6.0,1.0,1.0,1.0,2.0,AI
209,6.0,1.0,1.0,1.0,2.0,XAI
210,6.0,1.0,1.0,1.0,2.0,AI
211,6.0,1.0,1.0,1.0,2.0,XAI
212,6.0,0.0,1.0,1.0,2.0,AI
213,6.0,1.0,1.0,1.0,2.0,XAI
214,6.0,1.0,1.0,1.0,2.0,AI
215,6.0,1.0,1.0,1.0,2.0,XAI
216,6.0,0.0,0.0,0.0,2.0,AI
217,6.0,0.0,0.0,0.0,2.0,XAI
218,6.0,1.0,1.0,1.0,2.0,AI
219,6.0,1.0,1.0,1.0,2.0,XAI
220,6.0,0.0,0.0,0.0,2.0,AI
221,6.0,0.0,0.0,0.0,2.0,XAI
222,6.0,1.0,1.0,1.0,2.0,AI
223,6.0,1.0,1.0,1.0,2.0,XAI
224,6.0,0.0,1.0,0.0,2.0,AI
225,6.0,0.0,1.0,0.0,2.0,XAI
226,6.0,0.0,0.0,0.0,2.0,AI
227,6.0,0.0,0.0,0.0,2.0,XAI
228,6.0,0.0,1.0,1.0,2.0,AI
229,6.0,1.0,1.0,1.0,2.0,XAI
230,6.0,1.0,0.0,1.0,2.0,AI
231,6.0,1.0,0.0,1.0,2.0,XAI
232,6.0,0.0,1.0,0.0,2.0,AI
233,6.0,0.0,1.0,0.0,2.0,XAI
234,6.0,1.0,1.0,1.0,2.0,AI
235,6.0,1.0,1.0,1.0,2.0,XAI
236,6.0,1.0,0.0,1.0,2.0,AI
237,6.0,1.0,0.0,1.0,2.0,XAI
238,6.0,0.0,0.0,0.0,2.0,AI
239,6.0,0.0,0.0,0.0,2.0,XAI
240,7.0,1.0,1.0,1.0,1.0,AI
241,7.0,1.0,1.0,1.0,1.0,XAI
242,7.0,0.0,1.0,1.0,1.0,AI
243,7.0,1.0,1.0,1.0,1.0,XAI
244,7.0,1.0,1.0,1.0,1.0,AI
245,7.0,1.0,1.0,1.0,1.0,XAI
246,7.0,1.0,1.0,1.0,1.0,AI
247,7.0,1.0,1.0,1.0,1.0,XAI
248,7.0,0.0,1.0,1.0,1.0,AI
249,7.0,1.0,1.0,1.0,1.0,XAI
250,7.0,0.0,1.0,1.0,1.0,AI
251,7.0,1.0,1.0,1.0,1.0,XAI
252,7.0,0.0,1.0,1.0,1.0,AI
253,7.0,1.0,1.0,1.0,1.0,XAI
254,7.0,0.0,1.0,0.0,1.0,AI
255,7.0,0.0,1.0,0.0,1.0,XAI
256,7.0,0.0,0.0,0.0,1.0,AI
257,7.0,0.0,0.0,0.0,1.0,XAI
258,7.0,0.0,1.0,1.0,1.0,AI
259,7.0,1.0,1.0,1.0,1.0,XAI
260,7.0,0.0,0.0,0.0,1.0,AI
261,7.0,0.0,0.0,0.0,1.0,XAI
262,7.0,1.0,1.0,1.0,1.0,AI
263,7.0,1.0,1.0,1.0,1.0,XAI
264,7.0,0.0,1.0,0.0,1.0,AI
265,7.0,0.0,1.0,0.0,1.0,XAI
266,7.0,0.0,0.0,0.0,1.0,AI
267,7.0,0.0,0.0,0.0,1.0,XAI
268,7.0,0.0,1.0,0.0,1.0,AI
269,7.0,0.0,1.0,0.0,1.0,XAI
270,7.0,1.0,0.0,1.0,1.0,AI
271,7.0,1.0,0.0,1.0,1.0,XAI
272,7.0,0.0,1.0,0.0,1.0,AI
273,7.0,0.0,1.0,1.0,1.0,XAI
274,7.0,0.0,1.0,1.0,1.0,AI
275,7.0,1.0,1.0,1.0,1.0,XAI
276,7.0,0.0,0.0,0.0,1.0,AI
277,7.0,0.0,0.0,0.0,1.0,XAI
278,7.0,0.0,0.0,0.0,1.0,AI
279,7.0,0.0,0.0,0.0,1.0,XAI
280,8.0,1.0,1.0,1.0,2.0,AI
281,8.0,1.0,1.0,1.0,2.0,XAI
282,8.0,1.0,1.0,1.0,2.0,AI
283,8.0,1.0,1.0,1.0,2.0,XAI
284,8.0,1.0,1.0,1.0,2.0,AI
285,8.0,1.0,1.0,1.0,2.0,XAI
286,8.0,1.0,1.0,1.0,2.0,AI
287,8.0,1.0,1.0,1.0,2.0,XAI
288,8.0,1.0,1.0,1.0,2.0,AI
289,8.0,1.0,1.0,1.0,2.0,XAI
290,8.0,1.0,1.0,1.0,2.0,AI
291,8.0,1.0,1.0,1.0,2.0,XAI
292,8.0,1.0,1.0,1.0,2.0,AI
293,8.0,1.0,1.0,1.0,2.0,XAI
294,8.0,0.0,1.0,0.0,2.0,AI
295,8.0,0.0,1.0,0.0,2.0,XAI
296,8.0,0.0,0.0,0.0,2.0,AI
297,8.0,0.0,0.0,0.0,2.0,XAI
298,8.0,1.0,1.0,1.0,2.0,AI
299,8.0,1.0,1.0,1.0,2.0,XAI
300,8.0,0.0,0.0,0.0,2.0,AI
301,8.0,0.0,0.0,0.0,2.0,XAI
302,8.0,1.0,1.0,1.0,2.0,AI
303,8.0,1.0,1.0,1.0,2.0,XAI
304,8.0,0.0,1.0,0.0,2.0,AI
305,8.0,0.0,1.0,0.0,2.0,XAI
306,8.0,1.0,0.0,1.0,2.0,AI
307,8.0,1.0,0.0,1.0,2.0,XAI
308,8.0,0.0,1.0,0.0,2.0,AI
309,8.0,0.0,1.0,0.0,2.0,XAI
310,8.0,1.0,0.0,1.0,2.0,AI
311,8.0,1.0,0.0,1.0,2.0,XAI
312,8.0,0.0,1.0,0.0,2.0,AI
313,8.0,0.0,1.0,0.0,2.0,XAI
314,8.0,1.0,1.0,1.0,2.0,AI
315,8.0,1.0,1.0,1.0,2.0,XAI
316,8.0,1.0,0.0,1.0,2.0,AI
317,8.0,1.0,0.0,1.0,2.0,XAI
318,8.0,0.0,0.0,0.0,2.0,AI
319,8.0,0.0,0.0,0.0,2.0,XAI
320,9.0,1.0,1.0,1.0,2.0,AI
321,9.0,1.0,1.0,1.0,2.0,XAI
322,9.0,0.0,1.0,0.0,2.0,AI
323,9.0,0.0,1.0,0.0,2.0,XAI
324,9.0,1.0,1.0,1.0,2.0,AI
325,9.0,1.0,1.0,1.0,2.0,XAI
326,9.0,1.0,1.0,1.0,2.0,AI
327,9.0,1.0,1.0,1.0,2.0,XAI
328,9.0,1.0,1.0,1.0,2.0,AI
329,9.0,1.0,1.0,1.0,2.0,XAI
330,9.0,1.0,1.0,1.0,2.0,AI
331,9.0,1.0,1.0,1.0,2.0,XAI
332,9.0,1.0,1.0,1.0,2.0,AI
333,9.0,1.0,1.0,1.0,2.0,XAI
334,9.0,0.0,1.0,0.0,2.0,AI
335,9.0,0.0,1.0,0.0,2.0,XAI
336,9.0,1.0,0.0,1.0,2.0,AI
337,9.0,1.0,0.0,1.0,2.0,XAI
338,9.0,1.0,1.0,1.0,2.0,AI
339,9.0,1.0,1.0,1.0,2.0,XAI
340,9.0,0.0,0.0,0.0,2.0,AI
341,9.0,0.0,0.0,0.0,2.0,XAI
342,9.0,1.0,1.0,1.0,2.0,AI
343,9.0,1.0,1.0,1.0,2.0,XAI
344,9.0,0.0,1.0,1.0,2.0,AI
345,9.0,1.0,1.0,1.0,2.0,XAI
346,9.0,0.0,0.0,0.0,2.0,AI
347,9.0,0.0,0.0,0.0,2.0,XAI
348,9.0,0.0,1.0,0.0,2.0,AI
349,9.0,0.0,1.0,0.0,2.0,XAI
350,9.0,1.0,0.0,1.0,2.0,AI
351,9.0,1.0,0.0,1.0,2.0,XAI
352,9.0,0.0,1.0,0.0,2.0,AI
353,9.0,0.0,1.0,0.0,2.0,XAI
354,9.0,0.0,1.0,0.0,2.0,AI
355,9.0,0.0,1.0,0.0,2.0,XAI
356,9.0,1.0,0.0,1.0,2.0,AI
357,9.0,1.0,0.0,1.0,2.0,XAI
358,9.0,1.0,0.0,1.0,2.0,AI
359,9.0,1.0,0.0,1.0,2.0,XAI
360,10.0,1.0,1.0,1.0,2.0,AI
361,10.0,1.0,1.0,1.0,2.0,XAI
362,10.0,0.0,1.0,0.0,2.0,AI
363,10.0,0.0,1.0,0.0,2.0,XAI
364,10.0,1.0,1.0,1.0,2.0,AI
365,10.0,1.0,1.0,1.0,2.0,XAI
366,10.0,1.0,1.0,1.0,2.0,AI
367,10.0,1.0,1.0,1.0,2.0,XAI
368,10.0,1.0,1.0,1.0,2.0,AI
369,10.0,1.0,1.0,1.0,2.0,XAI
370,10.0,1.0,1.0,1.0,2.0,AI
371,10.0,1.0,1.0,1.0,2.0,XAI
372,10.0,0.0,1.0,0.0,2.0,AI
373,10.0,0.0,1.0,1.0,2.0,XAI
374,10.0,0.0,1.0,0.0,2.0,AI
375,10.0,0.0,1.0,0.0,2.0,XAI
376,10.0,0.0,0.0,0.0,2.0,AI
377,10.0,0.0,0.0,0.0,2.0,XAI
378,10.0,1.0,1.0,1.0,2.0,AI
379,10.0,1.0,1.0,1.0,2.0,XAI
380,10.0,0.0,0.0,0.0,2.0,AI
381,10.0,0.0,0.0,0.0,2.0,XAI
382,10.0,1.0,1.0,1.0,2.0,AI
383,10.0,1.0,1.0,1.0,2.0,XAI
384,10.0,1.0,1.0,1.0,2.0,AI
385,10.0,1.0,1.0,1.0,2.0,XAI
386,10.0,0.0,0.0,0.0,2.0,AI
387,10.0,0.0,0.0,0.0,2.0,XAI
388,10.0,0.0,1.0,0.0,2.0,AI
389,10.0,0.0,1.0,0.0,2.0,XAI
390,10.0,1.0,0.0,1.0,2.0,AI
391,10.0,1.0,0.0,1.0,2.0,XAI
392,10.0,0.0,1.0,0.0,2.0,AI
393,10.0,0.0,1.0,0.0,2.0,XAI
394,10.0,1.0,1.0,1.0,2.0,AI
395,10.0,1.0,1.0,1.0,2.0,XAI
396,10.0,0.0,0.0,0.0,2.0,AI
397,10.0,0.0,0.0,0.0,2.0,XAI
398,10.0,1.0,0.0,1.0,2.0,AI
399,10.0,1.0,0.0,1.0,2.0,XAI
400,11.0,1.0,1.0,1.0,1.0,AI
401,11.0,1.0,1.0,1.0,1.0,XAI
402,11.0,1.0,1.0,1.0,1.0,AI
403,11.0,1.0,1.0,1.0,1.0,XAI
404,11.0,1.0,1.0,1.0,1.0,AI
405,11.0,1.0,1.0,1.0,1.0,XAI
406,11.0,1.0,1.0,1.0,1.0,AI
407,11.0,1.0,1.0,1.0,1.0,XAI
408,11.0,0.0,1.0,1.0,1.0,AI
409,11.0,1.0,1.0,1.0,1.0,XAI
410,11.0,1.0,1.0,1.0,1.0,AI
411,11.0,1.0,1.0,1.0,1.0,XAI
412,11.0,0.0,1.0,1.0,1.0,AI
413,11.0,1.0,1.0,1.0,1.0,XAI
414,11.0,1.0,1.0,1.0,1.0,AI
415,11.0,1.0,1.0,1.0,1.0,XAI
416,11.0,0.0,0.0,0.0,1.0,AI
417,11.0,0.0,0.0,0.0,1.0,XAI
418,11.0,1.0,1.0,1.0,1.0,AI
419,11.0,1.0,1.0,1.0,1.0,XAI
420,11.0,0.0,0.0,0.0,1.0,AI
421,11.0,0.0,0.0,0.0,1.0,XAI
422,11.0,1.0,1.0,1.0,1.0,AI
423,11.0,1.0,1.0,1.0,1.0,XAI
424,11.0,0.0,1.0,1.0,1.0,AI
425,11.0,1.0,1.0,1.0,1.0,XAI
426,11.0,1.0,0.0,0.0,1.0,AI
427,11.0,0.0,0.0,0.0,1.0,XAI
428,11.0,0.0,1.0,0.0,1.0,AI
429,11.0,0.0,1.0,1.0,1.0,XAI
430,11.0,1.0,0.0,1.0,1.0,AI
431,11.0,1.0,0.0,1.0,1.0,XAI
432,11.0,0.0,1.0,1.0,1.0,AI
433,11.0,1.0,1.0,1.0,1.0,XAI
434,11.0,1.0,1.0,1.0,1.0,AI
435,11.0,1.0,1.0,1.0,1.0,XAI
436,11.0,0.0,0.0,0.0,1.0,AI
437,11.0,0.0,0.0,0.0,1.0,XAI
438,11.0,0.0,0.0,0.0,1.0,AI
439,11.0,0.0,0.0,0.0,1.0,XAI
440,12.0,1.0,1.0,1.0,2.0,AI
441,12.0,1.0,1.0,1.0,2.0,XAI
442,12.0,0.0,1.0,1.0,2.0,AI
443,12.0,1.0,1.0,1.0,2.0,XAI
444,12.0,1.0,1.0,1.0,2.0,AI
445,12.0,1.0,1.0,1.0,2.0,XAI
446,12.0,1.0,1.0,1.0,2.0,AI
447,12.0,1.0,1.0,1.0,2.0,XAI
448,12.0,1.0,1.0,1.0,2.0,AI
449,12.0,1.0,1.0,1.0,2.0,XAI
450,12.0,1.0,1.0,1.0,2.0,AI
451,12.0,1.0,1.0,1.0,2.0,XAI
452,12.0,1.0,1.0,1.0,2.0,AI
453,12.0,1.0,1.0,1.0,2.0,XAI
454,12.0,0.0,1.0,0.0,2.0,AI
455,12.0,0.0,1.0,0.0,2.0,XAI
456,12.0,1.0,0.0,1.0,2.0,AI
457,12.0,1.0,0.0,1.0,2.0,XAI
458,12.0,1.0,1.0,1.0,2.0,AI
459,12.0,1.0,1.0,1.0,2.0,XAI
460,12.0,1.0,0.0,0.0,2.0,AI
461,12.0,0.0,0.0,0.0,2.0,XAI
462,12.0,1.0,1.0,1.0,2.0,AI
463,12.0,1.0,1.0,1.0,2.0,XAI
464,12.0,0.0,1.0,0.0,2.0,AI
465,12.0,0.0,1.0,0.0,2.0,XAI
466,12.0,1.0,0.0,0.0,2.0,AI
467,12.0,0.0,0.0,0.0,2.0,XAI
468,12.0,0.0,1.0,1.0,2.0,AI
469,12.0,1.0,1.0,1.0,2.0,XAI
470,12.0,1.0,0.0,1.0,2.0,AI
471,12.0,1.0,0.0,1.0,2.0,XAI
472,12.0,0.0,1.0,0.0,2.0,AI
473,12.0,0.0,1.0,1.0,2.0,XAI
474,12.0,1.0,1.0,1.0,2.0,AI
475,12.0,1.0,1.0,1.0,2.0,XAI
476,12.0,1.0,0.0,1.0,2.0,AI
477,12.0,1.0,0.0,1.0,2.0,XAI
478,12.0,0.0,0.0,0.0,2.0,AI
479,12.0,0.0,0.0,0.0,2.0,XAI
480,13.0,0.0,1.0,1.0,1.0,AI
481,13.0,1.0,1.0,1.0,1.0,XAI
482,13.0,1.0,1.0,1.0,1.0,AI
483,13.0,1.0,1.0,1.0,1.0,XAI
484,13.0,1.0,1.0,1.0,1.0,AI
485,13.0,1.0,1.0,1.0,1.0,XAI
486,13.0,1.0,1.0,1.0,1.0,AI
487,13.0,1.0,1.0,1.0,1.0,XAI
488,13.0,0.0,1.0,1.0,1.0,AI
489,13.0,1.0,1.0,1.0,1.0,XAI
490,13.0,0.0,1.0,1.0,1.0,AI
491,13.0,1.0,1.0,1.0,1.0,XAI
492,13.0,0.0,1.0,1.0,1.0,AI
493,13.0,1.0,1.0,1.0,1.0,XAI
494,13.0,1.0,1.0,1.0,1.0,AI
495,13.0,1.0,1.0,1.0,1.0,XAI
496,13.0,0.0,0.0,0.0,1.0,AI
497,13.0,0.0,0.0,1.0,1.0,XAI
498,13.0,1.0,1.0,1.0,1.0,AI
499,13.0,1.0,1.0,1.0,1.0,XAI
500,13.0,0.0,0.0,0.0,1.0,AI
501,13.0,0.0,0.0,0.0,1.0,XAI
502,13.0,1.0,1.0,1.0,1.0,AI
503,13.0,1.0,1.0,1.0,1.0,XAI
504,13.0,0.0,1.0,0.0,1.0,AI
505,13.0,0.0,1.0,1.0,1.0,XAI
506,13.0,0.0,0.0,0.0,1.0,AI
507,13.0,0.0,0.0,0.0,1.0,XAI
508,13.0,1.0,1.0,1.0,1.0,AI
509,13.0,1.0,1.0,1.0,1.0,XAI
510,13.0,0.0,0.0,0.0,1.0,AI
511,13.0,0.0,0.0,0.0,1.0,XAI
512,13.0,0.0,1.0,1.0,1.0,AI
513,13.0,1.0,1.0,1.0,1.0,XAI
514,13.0,1.0,1.0,1.0,1.0,AI
515,13.0,1.0,1.0,1.0,1.0,XAI
516,13.0,1.0,0.0,1.0,1.0,AI
517,13.0,1.0,0.0,0.0,1.0,XAI
518,13.0,0.0,0.0,0.0,1.0,AI
519,13.0,0.0,0.0,0.0,1.0,XAI
520,14.0,0.0,1.0,0.0,1.0,AI
521,14.0,0.0,1.0,1.0,1.0,XAI
522,14.0,0.0,1.0,1.0,1.0,AI
523,14.0,1.0,1.0,1.0,1.0,XAI
524,14.0,1.0,1.0,1.0,1.0,AI
525,14.0,1.0,1.0,1.0,1.0,XAI
526,14.0,1.0,1.0,1.0,1.0,AI
527,14.0,1.0,1.0,1.0,1.0,XAI
528,14.0,1.0,1.0,1.0,1.0,AI
529,14.0,1.0,1.0,1.0,1.0,XAI
530,14.0,1.0,1.0,1.0,1.0,AI
531,14.0,1.0,1.0,1.0,1.0,XAI
532,14.0,1.0,1.0,1.0,1.0,AI
533,14.0,1.0,1.0,1.0,1.0,XAI
534,14.0,0.0,1.0,1.0,1.0,AI
535,14.0,1.0,1.0,1.0,1.0,XAI
536,14.0,0.0,0.0,0.0,1.0,AI
537,14.0,0.0,0.0,0.0,1.0,XAI
538,14.0,1.0,1.0,1.0,1.0,AI
539,14.0,1.0,1.0,1.0,1.0,XAI
540,14.0,1.0,0.0,0.0,1.0,AI
541,14.0,0.0,0.0,0.0,1.0,XAI
542,14.0,1.0,1.0,1.0,1.0,AI
543,14.0,1.0,1.0,1.0,1.0,XAI
544,14.0,0.0,1.0,1.0,1.0,AI
545,14.0,1.0,1.0,1.0,1.0,XAI
546,14.0,0.0,0.0,0.0,1.0,AI
547,14.0,0.0,0.0,0.0,1.0,XAI
548,14.0,0.0,1.0,1.0,1.0,AI
549,14.0,1.0,1.0,1.0,1.0,XAI
550,14.0,1.0,0.0,1.0,1.0,AI
551,14.0,1.0,0.0,1.0,1.0,XAI
552,14.0,0.0,1.0,1.0,1.0,AI
553,14.0,1.0,1.0,1.0,1.0,XAI
554,14.0,0.0,1.0,0.0,1.0,AI
555,14.0,0.0,1.0,0.0,1.0,XAI
556,14.0,1.0,0.0,1.0,1.0,AI
557,14.0,1.0,0.0,1.0,1.0,XAI
558,14.0,0.0,0.0,0.0,1.0,AI
559,14.0,0.0,0.0,0.0,1.0,XAI
560,15.0,1.0,1.0,1.0,1.0,AI
561,15.0,1.0,1.0,1.0,1.0,XAI
562,15.0,1.0,1.0,1.0,1.0,AI
563,15.0,1.0,1.0,1.0,1.0,XAI
564,15.0,1.0,1.0,1.0,1.0,AI
565,15.0,1.0,1.0,1.0,1.0,XAI
566,15.0,1.0,1.0,1.0,1.0,AI
567,15.0,1.0,1.0,1.0,1.0,XAI
568,15.0,0.0,1.0,1.0,1.0,AI
569,15.0,1.0,1.0,1.0,1.0,XAI
570,15.0,1.0,1.0,1.0,1.0,AI
571,15.0,1.0,1.0,1.0,1.0,XAI
572,15.0,1.0,1.0,1.0,1.0,AI
573,15.0,1.0,1.0,1.0,1.0,XAI
574,15.0,0.0,1.0,0.0,1.0,AI
575,15.0,0.0,1.0,0.0,1.0,XAI
576,15.0,0.0,0.0,0.0,1.0,AI
577,15.0,0.0,0.0,0.0,1.0,XAI
578,15.0,1.0,1.0,1.0,1.0,AI
579,15.0,1.0,1.0,1.0,1.0,XAI
580,15.0,0.0,0.0,0.0,1.0,AI
581,15.0,0.0,0.0,0.0,1.0,XAI
582,15.0,1.0,1.0,1.0,1.0,AI
583,15.0,1.0,1.0,1.0,1.0,XAI
584,15.0,1.0,1.0,1.0,1.0,AI
585,15.0,1.0,1.0,1.0,1.0,XAI
586,15.0,0.0,0.0,0.0,1.0,AI
587,15.0,0.0,0.0,0.0,1.0,XAI
588,15.0,0.0,1.0,0.0,1.0,AI
589,15.0,0.0,1.0,0.0,1.0,XAI
590,15.0,0.0,0.0,0.0,1.0,AI
591,15.0,0.0,0.0,0.0,1.0,XAI
592,15.0,0.0,1.0,0.0,1.0,AI
593,15.0,0.0,1.0,0.0,1.0,XAI
594,15.0,1.0,1.0,1.0,1.0,AI
595,15.0,1.0,1.0,1.0,1.0,XAI
596,15.0,1.0,0.0,1.0,1.0,AI
597,15.0,1.0,0.0,1.0,1.0,XAI
598,15.0,0.0,0.0,0.0,1.0,AI
599,15.0,0.0,0.0,0.0,1.0,XAI
600,16.0,1.0,1.0,1.0,2.0,AI
601,16.0,1.0,1.0,1.0,2.0,XAI
602,16.0,1.0,1.0,1.0,2.0,AI
603,16.0,1.0,1.0,1.0,2.0,XAI
604,16.0,1.0,1.0,1.0,2.0,AI
605,16.0,1.0,1.0,1.0,2.0,XAI
606,16.0,1.0,1.0,1.0,2.0,AI
607,16.0,1.0,1.0,1.0,2.0,XAI
608,16.0,0.0,1.0,0.0,2.0,AI
609,16.0,0.0,1.0,0.0,2.0,XAI
610,16.0,1.0,1.0,1.0,2.0,AI
611,16.0,1.0,1.0,1.0,2.0,XAI
612,16.0,0.0,1.0,1.0,2.0,AI
613,16.0,1.0,1.0,1.0,2.0,XAI
614,16.0,1.0,1.0,1.0,2.0,AI
615,16.0,1.0,1.0,1.0,2.0,XAI
616,16.0,0.0,0.0,0.0,2.0,AI
617,16.0,0.0,0.0,0.0,2.0,XAI
618,16.0,1.0,1.0,1.0,2.0,AI
619,16.0,1.0,1.0,1.0,2.0,XAI
620,16.0,0.0,0.0,0.0,2.0,AI
621,16.0,0.0,0.0,0.0,2.0,XAI
622,16.0,1.0,1.0,1.0,2.0,AI
623,16.0,1.0,1.0,1.0,2.0,XAI
624,16.0,1.0,1.0,1.0,2.0,AI
625,16.0,1.0,1.0,1.0,2.0,XAI
626,16.0,0.0,0.0,0.0,2.0,AI
627,16.0,0.0,0.0,0.0,2.0,XAI
628,16.0,0.0,1.0,0.0,2.0,AI
629,16.0,0.0,1.0,1.0,2.0,XAI
630,16.0,1.0,0.0,1.0,2.0,AI
631,16.0,1.0,0.0,1.0,2.0,XAI
632,16.0,0.0,1.0,0.0,2.0,AI
633,16.0,0.0,1.0,0.0,2.0,XAI
634,16.0,1.0,1.0,1.0,2.0,AI
635,16.0,1.0,1.0,1.0,2.0,XAI
636,16.0,0.0,0.0,0.0,2.0,AI
637,16.0,0.0,0.0,0.0,2.0,XAI
638,16.0,0.0,0.0,0.0,2.0,AI
639,16.0,0.0,0.0,0.0,2.0,XAI
640,17.0,1.0,1.0,1.0,1.0,AI
641,17.0,1.0,1.0,1.0,1.0,XAI
642,17.0,0.0,1.0,1.0,1.0,AI
643,17.0,1.0,1.0,1.0,1.0,XAI
644,17.0,1.0,1.0,1.0,1.0,AI
645,17.0,1.0,1.0,1.0,1.0,XAI
646,17.0,1.0,1.0,1.0,1.0,AI
647,17.0,1.0,1.0,1.0,1.0,XAI
648,17.0,0.0,1.0,1.0,1.0,AI
649,17.0,1.0,1.0,1.0,1.0,XAI
650,17.0,1.0,1.0,1.0,1.0,AI
651,17.0,1.0,1.0,1.0,1.0,XAI
652,17.0,1.0,1.0,1.0,1.0,AI
653,17.0,1.0,1.0,1.0,1.0,XAI
654,17.0,0.0,1.0,1.0,1.0,AI
655,17.0,1.0,1.0,1.0,1.0,XAI
656,17.0,1.0,0.0,0.0,1.0,AI
657,17.0,0.0,0.0,0.0,1.0,XAI
658,17.0,1.0,1.0,1.0,1.0,AI
659,17.0,1.0,1.0,1.0,1.0,XAI
660,17.0,0.0,0.0,0.0,1.0,AI
661,17.0,0.0,0.0,0.0,1.0,XAI
662,17.0,0.0,1.0,1.0,1.0,AI
663,17.0,1.0,1.0,1.0,1.0,XAI
664,17.0,1.0,1.0,1.0,1.0,AI
665,17.0,1.0,1.0,1.0,1.0,XAI
666,17.0,1.0,0.0,0.0,1.0,AI
667,17.0,0.0,0.0,0.0,1.0,XAI
668,17.0,0.0,1.0,0.0,1.0,AI
669,17.0,0.0,1.0,1.0,1.0,XAI
670,17.0,0.0,0.0,0.0,1.0,AI
671,17.0,0.0,0.0,0.0,1.0,XAI
672,17.0,1.0,1.0,1.0,1.0,AI
673,17.0,1.0,1.0,1.0,1.0,XAI
674,17.0,0.0,1.0,0.0,1.0,AI
675,17.0,0.0,1.0,0.0,1.0,XAI
676,17.0,0.0,0.0,0.0,1.0,AI
677,17.0,0.0,0.0,0.0,1.0,XAI
678,17.0,0.0,0.0,0.0,1.0,AI
679,17.0,0.0,0.0,0.0,1.0,XAI
680,18.0,1.0,1.0,1.0,1.0,AI
681,18.0,1.0,1.0,1.0,1.0,XAI
682,18.0,0.0,1.0,1.0,1.0,AI
683,18.0,1.0,1.0,1.0,1.0,XAI
684,18.0,1.0,1.0,1.0,1.0,AI
685,18.0,1.0,1.0,1.0,1.0,XAI
686,18.0,1.0,1.0,1.0,1.0,AI
687,18.0,1.0,1.0,1.0,1.0,XAI
688,18.0,1.0,1.0,1.0,1.0,AI
689,18.0,1.0,1.0,1.0,1.0,XAI
690,18.0,0.0,1.0,1.0,1.0,AI
691,18.0,1.0,1.0,1.0,1.0,XAI
692,18.0,0.0,1.0,1.0,1.0,AI
693,18.0,1.0,1.0,1.0,1.0,XAI
694,18.0,0.0,1.0,1.0,1.0,AI
695,18.0,1.0,1.0,1.0,1.0,XAI
696,18.0,1.0,0.0,0.0,1.0,AI
697,18.0,0.0,0.0,0.0,1.0,XAI
698,18.0,0.0,1.0,1.0,1.0,AI
699,18.0,1.0,1.0,1.0,1.0,XAI
700,18.0,0.0,0.0,0.0,1.0,AI
701,18.0,0.0,0.0,0.0,1.0,XAI
702,18.0,1.0,1.0,1.0,1.0,AI
703,18.0,1.0,1.0,1.0,1.0,XAI
704,18.0,0.0,1.0,0.0,1.0,AI
705,18.0,0.0,1.0,0.0,1.0,XAI
706,18.0,0.0,0.0,0.0,1.0,AI
707,18.0,0.0,0.0,0.0,1.0,XAI
708,18.0,0.0,1.0,1.0,1.0,AI
709,18.0,1.0,1.0,1.0,1.0,XAI
710,18.0,1.0,0.0,0.0,1.0,AI
711,18.0,0.0,0.0,0.0,1.0,XAI
712,18.0,0.0,1.0,1.0,1.0,AI
713,18.0,1.0,1.0,1.0,1.0,XAI
714,18.0,0.0,1.0,1.0,1.0,AI
715,18.0,1.0,1.0,1.0,1.0,XAI
716,18.0,1.0,0.0,1.0,1.0,AI
717,18.0,1.0,0.0,1.0,1.0,XAI
718,18.0,0.0,0.0,0.0,1.0,AI
719,18.0,0.0,0.0,0.0,1.0,XAI
720,19.0,1.0,1.0,1.0,1.0,AI
721,19.0,1.0,1.0,1.0,1.0,XAI
722,19.0,0.0,1.0,0.0,1.0,AI
723,19.0,0.0,1.0,1.0,1.0,XAI
724,19.0,1.0,1.0,1.0,1.0,AI
725,19.0,1.0,1.0,1.0,1.0,XAI
726,19.0,1.0,1.0,1.0,1.0,AI
727,19.0,1.0,1.0,1.0,1.0,XAI
728,19.0,0.0,1.0,0.0,1.0,AI
729,19.0,0.0,1.0,1.0,1.0,XAI
730,19.0,1.0,1.0,1.0,1.0,AI
731,19.0,1.0,1.0,1.0,1.0,XAI
732,19.0,1.0,1.0,1.0,1.0,AI
733,19.0,1.0,1.0,1.0,1.0,XAI
734,19.0,1.0,1.0,1.0,1.0,AI
735,19.0,1.0,1.0,1.0,1.0,XAI
736,19.0,0.0,0.0,0.0,1.0,AI
737,19.0,0.0,0.0,0.0,1.0,XAI
738,19.0,1.0,1.0,1.0,1.0,AI
739,19.0,1.0,1.0,1.0,1.0,XAI
740,19.0,0.0,0.0,0.0,1.0,AI
741,19.0,0.0,0.0,0.0,1.0,XAI
742,19.0,0.0,1.0,1.0,1.0,AI
743,19.0,1.0,1.0,1.0,1.0,XAI
744,19.0,0.0,1.0,1.0,1.0,AI
745,19.0,1.0,1.0,1.0,1.0,XAI
746,19.0,0.0,0.0,0.0,1.0,AI
747,19.0,0.0,0.0,0.0,1.0,XAI
748,19.0,0.0,1.0,1.0,1.0,AI
749,19.0,1.0,1.0,1.0,1.0,XAI
750,19.0,1.0,0.0,1.0,1.0,AI
751,19.0,1.0,0.0,1.0,1.0,XAI
752,19.0,0.0,1.0,1.0,1.0,AI
753,19.0,1.0,1.0,1.0,1.0,XAI
754,19.0,1.0,1.0,1.0,1.0,AI
755,19.0,1.0,1.0,1.0,1.0,XAI
756,19.0,0.0,0.0,0.0,1.0,AI
757,19.0,0.0,0.0,0.0,1.0,XAI
758,19.0,0.0,0.0,0.0,1.0,AI
759,19.0,0.0,0.0,0.0,1.0,XAI
760,20.0,1.0,1.0,1.0,2.0,AI
761,20.0,1.0,1.0,1.0,2.0,XAI
762,20.0,1.0,1.0,1.0,2.0,AI
763,20.0,1.0,1.0,1.0,2.0,XAI
764,20.0,1.0,1.0,1.0,2.0,AI
765,20.0,1.0,1.0,1.0,2.0,XAI
766,20.0,1.0,1.0,1.0,2.0,AI
767,20.0,1.0,1.0,1.0,2.0,XAI
768,20.0,1.0,1.0,1.0,2.0,AI
769,20.0,1.0,1.0,1.0,2.0,XAI
770,20.0,1.0,1.0,1.0,2.0,AI
771,20.0,1.0,1.0,1.0,2.0,XAI
772,20.0,0.0,1.0,1.0,2.0,AI
773,20.0,1.0,1.0,1.0,2.0,XAI
774,20.0,0.0,1.0,0.0,2.0,AI
775,20.0,0.0,1.0,0.0,2.0,XAI
776,20.0,1.0,0.0,1.0,2.0,AI
777,20.0,1.0,0.0,1.0,2.0,XAI
778,20.0,1.0,1.0,1.0,2.0,AI
779,20.0,1.0,1.0,1.0,2.0,XAI
780,20.0,1.0,0.0,1.0,2.0,AI
781,20.0,1.0,0.0,1.0,2.0,XAI
782,20.0,1.0,1.0,1.0,2.0,AI
783,20.0,1.0,1.0,1.0,2.0,XAI
784,20.0,0.0,1.0,1.0,2.0,AI
785,20.0,1.0,1.0,1.0,2.0,XAI
786,20.0,1.0,0.0,0.0,2.0,AI
787,20.0,0.0,0.0,0.0,2.0,XAI
788,20.0,0.0,1.0,0.0,2.0,AI
789,20.0,0.0,1.0,0.0,2.0,XAI
790,20.0,0.0,0.0,0.0,2.0,AI
791,20.0,0.0,0.0,0.0,2.0,XAI
792,20.0,1.0,1.0,1.0,2.0,AI
793,20.0,1.0,1.0,1.0,2.0,XAI
794,20.0,1.0,1.0,1.0,2.0,AI
795,20.0,1.0,1.0,1.0,2.0,XAI
796,20.0,0.0,0.0,0.0,2.0,AI
797,20.0,0.0,0.0,0.0,2.0,XAI
798,20.0,1.0,0.0,1.0,2.0,AI
799,20.0,1.0,0.0,1.0,2.0,XAI
800,21.0,1.0,1.0,1.0,2.0,AI
801,21.0,1.0,1.0,1.0,2.0,XAI
802,21.0,1.0,1.0,1.0,2.0,AI
803,21.0,1.0,1.0,1.0,2.0,XAI
804,21.0,1.0,1.0,1.0,2.0,AI
805,21.0,1.0,1.0,1.0,2.0,XAI
806,21.0,1.0,1.0,1.0,2.0,AI
807,21.0,1.0,1.0,1.0,2.0,XAI
808,21.0,1.0,1.0,1.0,2.0,AI
809,21.0,1.0,1.0,1.0,2.0,XAI
810,21.0,1.0,1.0,1.0,2.0,AI
811,21.0,1.0,1.0,1.0,2.0,XAI
812,21.0,1.0,1.0,1.0,2.0,AI
813,21.0,1.0,1.0,1.0,2.0,XAI
814,21.0,0.0,1.0,0.0,2.0,AI
815,21.0,0.0,1.0,0.0,2.0,XAI
816,21.0,1.0,0.0,1.0,2.0,AI
817,21.0,1.0,0.0,1.0,2.0,XAI
818,21.0,1.0,1.0,1.0,2.0,AI
819,21.0,1.0,1.0,1.0,2.0,XAI
820,21.0,1.0,0.0,1.0,2.0,AI
821,21.0,1.0,0.0,1.0,2.0,XAI
822,21.0,1.0,1.0,1.0,2.0,AI
823,21.0,1.0,1.0,1.0,2.0,XAI
824,21.0,0.0,1.0,0.0,2.0,AI
825,21.0,0.0,1.0,0.0,2.0,XAI
826,21.0,0.0,0.0,0.0,2.0,AI
827,21.0,0.0,0.0,0.0,2.0,XAI
828,21.0,1.0,1.0,1.0,2.0,AI
829,21.0,1.0,1.0,1.0,2.0,XAI
830,21.0,0.0,0.0,0.0,2.0,AI
831,21.0,0.0,0.0,0.0,2.0,XAI
832,21.0,0.0,1.0,0.0,2.0,AI
833,21.0,0.0,1.0,0.0,2.0,XAI
834,21.0,1.0,1.0,1.0,2.0,AI
835,21.0,1.0,1.0,1.0,2.0,XAI
836,21.0,0.0,0.0,0.0,2.0,AI
837,21.0,0.0,0.0,0.0,2.0,XAI
838,21.0,1.0,0.0,1.0,2.0,AI
839,21.0,1.0,0.0,1.0,2.0,XAI
